id,electricity_unit,water_unit,otherfee,parking_unit,room_code,room_id,price,house_name,is_allow_electric_car,electricity_fee,water_fee,card_fee,washing_machine_fee,parking_fee,garbage_fee,card_unit,garbage_unit,has_wifi,address,amenities,last_update,created_at,updated_at,latitude,longitude
018401b2-6c26-465f-b29e-db6d5b75299c,/kWh,/m3,0,/xe,202,000885d2-c765-422a-8164-b12a9cf9ee52,4500000,68 ĐƯỜNG D6,false,3800,20000,0,0,0,200000,/ng,/ph,True,"68 đường D6, Phường Phước Long B, Thành phố Thủ Đức, Thành phố Hồ Chí Minh","""Thành phố Thủ Đức - PHÙ HỢP Sinh viên | \nVị trí: Đường D6 | Đỗ Xuân Hợp | Dương Đình Hội | Giáp Quận 2 (gen_random_uuid(), 5p) | Cách Khu CNC (gen_random_uuid(), 7p) | \nTiện ích: CĐ Nghề | Chợ Phước Long B | Công viên | \nThực tế: Yên tĩnh, thuận tiện""",,2026-05-20 09:31:02.172335+00,2026-05-20 09:31:02.172335+00,10.9779341,106.7448245
020eb079-1c03-4103-982a-702ffcae968d,/kWh,/m3,150000,/xe,A013,02c41284-9ad4-41bc-b14e-7b5b7d274236,4100000,32/40 VÕ VĂN HÁT,Chưa xác định,3800,22000,0,30000,100000,0,/ng,/ph,True,"32/40 Võ Văn Hát, Phường Long Trường, Thành phố Thủ Đức, Thành phố Hồ Chí Minh","""Thành phố Thủ Đức - PHÙ HỢP Sinh viên | \nVị trí: Võ Văn Hát | Lã Xuân Oai | Nguyễn Duy Trinh | Giáp Khu CNC (gen_random_uuid(), 7p) | Cách ĐH Tài chính - Marketing (gen_random_uuid(), 3p) | \nTiện ích: ĐH Tài chính - Marketing | Chợ Long Trường | Công viên Long Trường | \nThực tế: Thuận tiện đi học, làm việc""",,2026-05-20 09:31:02.172335+00,2026-05-20 09:31:02.172335+00,10.8160442,106.8091373
04be6ea4-5e32-4470-8057-e7de75927330,/kWh,/ng,0,/xe,P.602,054d5d43-9c78-4406-bdaf-0ddf1f137afa,3400000,PHÚC SANG,Chưa xác định,3800,200000,50000,0,100000,200000,/ng,/ph,True,"1017/58/3/7 Lê Văn Lương, Xã Phước Kiển, Huyện Nhà Bè, Thành phố Hồ Chí Minh","""Nhà Bè - PHÙ HỢP GIA ĐÌNH\nVị trí: Lê Văn Lương | Phước Kiển | Giáp Q.7 (gen_random_uuid(), 5p) | Cách SC VivoCity (gen_random_uuid(), 10p) \nTiện ích: RMIT | Lotte Mart | BV FV \nThực tế: N gian thoáng mát, liền kề tiện ích Q7""",,2026-05-20 09:31:02.172335+00,2026-05-20 09:31:02.172335+00,10.6510014,106.7258641
06e6568e-1670-47ba-989a-67f391f1e187,/kWh,/m3,0,/xe,209,087b10ed-4f1d-4eb5-996d-ef23d5a33288,2300000,YUHOME 6,Chưa xác định,3800,28000,0,0,0,170000,/ng,/ph,True,"1806/105/58 Huỳnh Tấn Phát, Xã Phú Xuân, Huyện Nhà Bè, Thành phố Hồ Chí Minh","""Nhà Bè - PHÙ HỢP KINH DOANH\nVị trí: Huỳnh Tấn Phát | Phú Xuân | Giáp Q.7 (gen_random_uuid(), 2p) | Cách Cầu Phú Mỹ (gen_random_uuid(), 10p) \nTiện ích: Co.op Mart | UBND Phú Xuân | Ngân hàng \nThực tế: Trục chính sầm uất, kết nối thẳng vào trung tâm""",,2026-05-20 09:31:02.172335+00,2026-05-20 09:31:02.172335+00,10.6510014,106.7258641
0720788a-34aa-4900-bfac-adbf6a94e868,/kWh,/ng,0,/xe,104,08e6e149-15b5-4c7e-b84e-e2dd24f1bbd2,5800000,355/7 LÊ VĂN LƯƠNG,false,4000,100000,0,0,100000,200000,/ng,/ph,False,"355/7 Lê Văn Lương, Phường Tân Hưng, Quận 7, Thành phố Hồ Chí Minh","""Quận 7 - PHÙ HỢP [SINH VIÊN & NGƯỜI ĐI LÀM Q4, Q1] | \nVị trí: Lê Văn Lương | Nguyễn Thị Thập | Trần Xuân Soạn | Giáp Quận 4 (gen_random_uuid(), 3p) | Cách Lotte Mart (gen_random_uuid(), 2p) | \nTiện ích: ĐH Tôn Đức Thắng - Rmit | Lotte Mart | BV FV | \nThực tế: Thiên đường ẩm thực sinh viên, đi Q4 rất gần.""",,2026-05-20 09:31:02.172335+00,2026-05-20 09:31:02.172335+00,10.7282649,106.7126125
07fde7cf-c890-45d6-9a06-787ba541ca6f,/kWh,/ng,0,/xe,P.081,0ba7b7d9-5a6a-4971-8b40-f497c414f909,3200000,220/18 ÂU CƠ,false,3500,100000,0,0,120000,0,/ng,/ph,True,"220/18 Âu Cơ, Phường 09, Quận Tân Bình, Thành phố Hồ Chí Minh","""Quận Tân Bình - PHÙ HỢP Dân văn phòng | \nVị trí: Âu Cơ | Lạc Long Quân | Lý Thường Kiệt | Giáp Quận 11 (gen_random_uuid(), 5p) | Cách Đầm Sen (gen_random_uuid(), 7p) | \nTiện ích: ĐH Bách Khoa | Chợ Tân Bình | Bệnh viện Tân Phú | \nThực tế: Thuận tiện đi lại và mua sắm""",,2026-05-20 09:31:02.172335+00,2026-05-20 09:31:02.172335+00,10.8060049,106.6638135
08b1730a-e10a-4b1d-bae0-ea3a57776ef1,/kWh,/ng,150000,/xe,105,0d295b66-51a2-4d03-82e1-92abe659c608,4500000,436 NGÔ GIA TỰ,Chưa xác định,4000,100000,0,0,150000,0,/ng,/ph,True,"436 Ngô Gia Tự, Phường 04, Quận 10, Thành phố Hồ Chí Minh","""\nVị trí: Mặt tiền phố nội thất | \nThực tế: Chuyên doanh đồ gỗ, vỉa hè rộng, giao thương mạnh | \nTiện ích: Chợ Nhật Tảo, BV Nhi Đồng 1, trường tiểu học Trương Định.""",,2026-05-20 09:31:02.172335+00,2026-05-20 09:31:02.172335+00,10.8305173,106.6157456
098f11b4-89c5-4e2c-a893-dc36123f1c63,/kWh,/ng,0,/xe,102,0e8d0515-5925-48c1-a81d-e83a36c386b2,4200000,2/8 THIÊN PHƯỚC,false,4000,150000,0,0,100000,200000,/ng,/ph,True,"2/8 Thiên Phước, Phường 09, Quận Tân Bình, Thành phố Hồ Chí Minh","""Quận Tân Bình - PHÙ HỢP Dân văn phòng | \nVị trí: Thiên Phước | Âu Cơ | Lý Thường Kiệt | Giáp Quận 11 (gen_random_uuid(), 5p) | Cách Sân bay Tân Sơn Nhất (gen_random_uuid(), 12p) | \nTiện ích: ĐH Bách Khoa | Chợ Tân Bình | Bệnh viện Tân Phú | \nThực tế: Thuận tiện đi lại và mua sắm""",,2026-05-20 09:31:02.172335+00,2026-05-20 09:31:02.172335+00,10.8060049,106.6638135
0cd7be20-306c-4c22-ae95-69a4a85b1046,/kWh,/m3,0,/xe,310,0f102183-95c1-4250-820b-64d7391fcb9f,3500000,42A MÃ LÒ,Chưa xác định,3900,29000,0,0,100000,150000,/ng,/ph,False,"42A MÃ LÒ, Phường Bình Trị Đông A, Quận Bình Tân, Thành phố Hồ Chí Minh","""Quận Bình Tân - PHÙ HỢP Người đi làm | \nVị trí: Mã Lò | Hương Lộ 2 | Tỉnh Lộ 10 | Giáp Quận 6 (gen_random_uuid(), 10p) | Cách AEON Mall (gen_random_uuid(), 5p) | \nTiện ích: Trường THCS Bình Trị Đông | Chợ Lê Đình Cẩn | Công viên | \nThực tế: Gần trung tâm thương mại""",,2026-05-20 09:31:02.172335+00,2026-05-20 09:31:02.172335+00,10.7703543,106.5995759
0de99ff1-0c35-492e-b265-711f09d24264,/kWh,/ng,200000,/xe,303,0fb244e6-4c3f-4d02-abb1-5fbca346d26d,4900000,36/4/3 HUỲNH VĂN NGHỆ,false,4000,100000,0,0,0,0,/ng,/ph,True,"36/4/3 HUỲNH VĂN NGHỆ, Phường 15, Quận Tân Bình, Thành phố Hồ Chí Minh","""Quận Tân Bình - PHÙ HỢP Người đi làm | \nVị trí: Huỳnh Văn Nghệ | Phạm Văn Bạch | Trường Chinh | Giáp Gò Vấp (gen_random_uuid(), 3p) | Cách Sân bay Tân Sơn Nhất (gen_random_uuid(), 10p) | \nTiện ích: ĐH Công nghiệp | Chợ Phạm Văn Bạch | Công viên Gia Định | \nThực tế: Thuận tiện di chuyển và mua sắm""",,2026-05-20 09:31:02.172335+00,2026-05-20 09:31:02.172335+00,10.7989297,106.7209052
0e4673b0-5f3f-4e4f-9a26-168b41d9c509,,,0,,P303,0fd43ae6-ebac-4c4f-841d-9342b37c31e9,8700000,525/44 THT,Chưa xác định,3700,100000,0,0,280000,0,,,True,"525/44 Tô Hiến Thành, Phường 14, Quận 10, Thành phố Hồ Chí Minh","""Vị trí: Nhánh thông hẻm 525 | \nThực tế: An ninh, phù hợp làm văn phòng đại diện | \nTiện ích: Chợ thuốc, BV 115, trường học các cấp.""",,2026-05-20 09:31:02.172335+00,2026-05-20 09:31:02.172335+00,10.8187622,106.7068282
102e3722-4c35-485a-88b5-d26fe031ab16,/kWh,/ng,0,/xe,M5,10e059f3-fe30-4fa1-ac47-b695b5b0b3a1,3700000,"87/9 ĐƯỜNG 104 (gen_random_uuid(),  MAN THIỆN)",Chưa xác định,3500,100000,0,0,100000,100000,/ng,/ph,False,"87/9 đường số 104, Phường Tăng Nhơn Phú A, Thành phố Thủ Đức, Thành phố Hồ Chí Minh","""Thành phố Thủ Đức - PHÙ HỢP Sinh viên | \nVị trí: Đường số 104 | Lê Văn Việt | Man Thiện | Giáp Khu CNC (gen_random_uuid(), 5p) | Cách CĐ Công Thương (gen_random_uuid(), 2p) | \nTiện ích: CĐ Công Thương | Chợ Nhỏ | Công viên | \nThực tế: Khu vực yên tĩnh""",,2026-05-20 09:31:02.172335+00,2026-05-20 09:31:02.172335+00,10.8674108,106.8045197
10619f32-01d2-48de-885f-60cc77915d5a,/kWh,/ng,0,/xe,P.004,11182ecf-4968-47a7-a0bd-43929e46d285,6500000,25 LONG THÀNH MỸ,false,3500,120000,0,0,0,0,/ng,/ph,False,"25 Long Thành Mỹ, Phường Long Bình, Thành phố Thủ Đức, Thành phố Hồ Chí Minh","""Thành phố Thủ Đức - PHÙ HỢP Công nhân | \nVị trí: Nguyễn Xiển | Lê Văn Việt | Hoàng Hữu Nam | Giáp Dĩ An (gen_random_uuid(), 5p) | Cách Khu CNC (gen_random_uuid(), 10p) | \nTiện ích: ĐH Giao thông Vận tải | Chợ Long Bình | Công viên | \nThực tế: Gần khu công nghệ cao""",,2026-05-20 09:31:02.172335+00,2026-05-20 09:31:02.172335+00,10.8457244,106.8249973
1158afa1-c913-424f-a41f-d2fad07ed328,/kWh,/ng,0,/xe,G00,11f44033-e6aa-48f0-98a5-eed35ee70f4a,4000000,92/14/10 ĐƯỜNG SỐ 2,false,4000,100000,0,0,0,150000,/ng,/ph,True,"92/14/10 Đường Số 2, Phường Trường Thọ, Thành phố Thủ Đức, Thành phố Hồ Chí Minh","""Thành phố Thủ Đức - PHÙ HỢP Dân văn phòng | \nVị trí: Xa lộ Hà Nội | Đặng Văn Bi | Phạm Văn Đồng | Giáp Bình Thạnh (gen_random_uuid(), 10p) | Cách Ga Metro (gen_random_uuid(), 3p) | \nTiện ích: ĐH Kiến trúc CS2 | Chợ Thủ Đức | Công viên | \nThực tế: Giao thông thuận tiện""",,2026-05-20 09:31:02.172335+00,2026-05-20 09:31:02.172335+00,10.826595,106.7582051
11aa157e-edf6-4f20-844e-a683c4dfb5c1,/kWh,/m3,0,/xe,208,13872014-1fb9-48fd-8643-c254b6bb8818,3500000,42A MÃ LÒ,Chưa xác định,3900,29000,0,0,100000,150000,/ng,/ph,False,"42A MÃ LÒ, Phường Bình Trị Đông A, Quận Bình Tân, Thành phố Hồ Chí Minh","""Quận Bình Tân - PHÙ HỢP Người đi làm | \nVị trí: Mã Lò | Hương Lộ 2 | Tỉnh Lộ 10 | Giáp Quận 6 (gen_random_uuid(), 10p) | Cách AEON Mall (gen_random_uuid(), 5p) | \nTiện ích: Trường THCS Bình Trị Đông | Chợ Lê Đình Cẩn | Công viên | \nThực tế: Gần trung tâm thương mại""",,2026-05-20 09:31:02.172335+00,2026-05-20 09:31:02.172335+00,10.7703543,106.5995759
11d46516-8b57-4477-8217-d0258c166a90,/kWh,/m3,0,/xe,403,13aaec3a-f696-4e08-8421-26bef48316ac,3500000,42A MÃ LÒ,Chưa xác định,3900,29000,0,0,100000,150000,/ng,/ph,False,"42A MÃ LÒ, Phường Bình Trị Đông A, Quận Bình Tân, Thành phố Hồ Chí Minh","""Quận Bình Tân - PHÙ HỢP Người đi làm | \nVị trí: Mã Lò | Hương Lộ 2 | Tỉnh Lộ 10 | Giáp Quận 6 (gen_random_uuid(), 10p) | Cách AEON Mall (gen_random_uuid(), 5p) | \nTiện ích: Trường THCS Bình Trị Đông | Chợ Lê Đình Cẩn | Công viên | \nThực tế: Gần trung tâm thương mại""",,2026-05-20 09:31:02.172335+00,2026-05-20 09:31:02.172335+00,10.7703543,106.5995759
15d1aaab-a452-4bed-bdc1-b8871379bdaf,/kWh,/ng,0,/xe,M3,13b5e960-739f-4478-bba6-08432c3c6930,3700000,"87/9 ĐƯỜNG 104 (gen_random_uuid(),  MAN THIỆN)",Chưa xác định,3500,100000,0,0,100000,100000,/ng,/ph,False,"87/9 đường số 104, Phường Tăng Nhơn Phú A, Thành phố Thủ Đức, Thành phố Hồ Chí Minh","""Thành phố Thủ Đức - PHÙ HỢP Sinh viên | \nVị trí: Đường số 104 | Lê Văn Việt | Man Thiện | Giáp Khu CNC (gen_random_uuid(), 5p) | Cách CĐ Công Thương (gen_random_uuid(), 2p) | \nTiện ích: CĐ Công Thương | Chợ Nhỏ | Công viên | \nThực tế: Khu vực yên tĩnh""",,2026-05-20 09:31:02.172335+00,2026-05-20 09:31:02.172335+00,10.8674108,106.8045197
16ea3e08-2fec-4b9b-806f-ac08ef06dd43,/kWh,/ng,0,/xe,406,14c67686-ce09-420b-87b6-adf0c050d82e,4500000,48/4 ĐÔNG HƯNG THUẬN 40,false,3800,100000,0,0,0,180000,/ng,/ph,False,"48/4 Đông Hưng Thuận 40, Phường Đông Hưng Thuận, Quận 12, Thành phố Hồ Chí Minh","""Quận 12 - PHÙ HỢP Ở/VP\nVị trí: Đông Hưng Thuận 40 | Gần Nguyễn Văn Quá (gen_random_uuid(), 2p) \nTiện ích: Trường học | Chợ đêm | Bách Hóa Xanh \nThực tế: Hẻm thông xe hơi, khu dân cư ổn định, hạ tầng hoàn thiện""",,2026-05-20 09:31:02.172335+00,2026-05-20 09:31:02.172335+00,10.8612652,106.6642083
17da1df4-9a66-4d02-bddb-d3cdc8f04a9d,/kWh,/ng,0,/xe,P404,16cdad58-a01c-4210-bad0-5c65b2a3b0a7,6600000,282/6A BHN,Chưa xác định,0,0,0,0,0,0,/ng,/ph,True,"282/6A bùi hữu nghĩa, Phường 02, Quận Bình Thạnh, Thành phố Hồ Chí Minh","""BÌNH THẠNH - PHỐ CHỢ ĐÊM | \nVị trí: Bùi Hữu Nghĩa - Sát Chợ Bà Chiểu | \nTiện ích: Chợ Bà Chiểu, UBND Quận Bình Thạnh, BV Gia Định | \nThực tế: Vị trí vàng để kinh doanh ẩm thực và thời trang hẻm.""",,2026-05-20 09:31:02.172335+00,2026-05-20 09:31:02.172335+00,10.780093,106.6994812
17ea2909-c6c7-4cd5-84b5-7e1c41f1f38f,/kWh,/ng,0,/xe,4,16d2d03f-fe67-472a-9177-f129ce28bb02,3300000,14/1 LÀNG TÂN PHÚ,false,4000,100000,0,0,0,100000,/ng,/ph,False,"14/1 Đường Làng Tân Phú, Phường Tăng Nhơn Phú A, Thành phố Thủ Đức, Thành phố Hồ Chí Minh","""Thành phố Thủ Đức - PHÙ HỢP Sinh viên | \nVị trí: Làng Tân Phú | Lê Văn Việt | Man Thiện | Giáp Khu CNC (gen_random_uuid(), 5p) | Cách CĐ Công Thương (gen_random_uuid(), 3p) | \nTiện ích: CĐ Công Thương | Chợ đêm Man Thiện | Công viên | \nThực tế: Gần trường, sầm uất""",,2026-05-20 09:31:02.172335+00,2026-05-20 09:31:02.172335+00,10.8674108,106.8045197
1ebb0494-48cf-4596-af31-c57ac9435b08,/kWh,/ng,0,/xe,MR109-309,176a98ca-4157-43e7-b22a-e42e49e75469,4990000,38/3-5-7 NGUYỄN VĂN TRỖI,Chưa xác định,4000,120000,0,0,100000,200000,/ng,/ph,False,"38/3-5-7 Nguyễn Văn Trỗi, Phường 04, Quận Phú Nhuận, Thành phố Hồ Chí Minh","""Quận Phú Nhuận - PHÙ HỢP Dân văn phòng | \nVị trí: Nguyễn Văn Trỗi | Hoàng Văn Thụ | Huỳnh Văn Bánh | Giáp Quận 1 (gen_random_uuid(), 5p) | Cách Sân bay Tân Sơn Nhất (gen_random_uuid(), 10p) | \nTiện ích: ĐH Tài nguyên | Siêu thị Co.opmart | Công viên Hoàng Văn Thụ | \nThực tế: Giao thông thuận lợi""",,2026-05-20 09:31:02.172335+00,2026-05-20 09:31:02.172335+00,10.8010061,106.6797643
1ff4cae0-7196-455e-8450-d3247b27091f,/kWh,/ng,0,/xe,404,17ec71c1-756b-4f64-b191-709ef9440984,3200000,258 TRƯỜNG CHINH,false,3600,80000,0,60000,0,150000,/ng,/ph,False,"258 Trường Chinh, Phường Đông Hưng Thuận, Quận 12, Thành phố Hồ Chí Minh","""Quận 12 - PHÙ HỢP SHOWROOM\nVị trí: Trường Chinh | Đông Hưng Thuận | Gần Cầu Tham Lương \nTiện ích: Trạm Metro số 2 | BigC Pandora | KCN Tân Bình \nThực tế: Trục đường huyết mạch cửa ngõ Tây Bắc, mặt tiền rộng, quảng bá cực tốt""",,2026-05-20 09:31:02.172335+00,2026-05-20 09:31:02.172335+00,10.8308138,106.6222679
22e545a3-efe7-4cae-8dc5-c19f4a24ef11,/kWh,/ng,0,/xe,P.103,186ca0f9-5ebd-4adf-9d56-a40e217d2708,3500000,PHÚC SANG,Chưa xác định,3800,100000,50000,0,100000,200000,/ng,/ph,True,"1017/58/3/7 Lê Văn Lương, Xã Phước Kiển, Huyện Nhà Bè, Thành phố Hồ Chí Minh","""Nhà Bè - PHÙ HỢP GIA ĐÌNH\nVị trí: Lê Văn Lương | Phước Kiển | Giáp Q.7 (gen_random_uuid(), 5p) | Cách SC VivoCity (gen_random_uuid(), 10p) \nTiện ích: RMIT | Lotte Mart | BV FV \nThực tế: N gian thoáng mát, liền kề tiện ích Q7""",,2026-05-20 09:31:02.172335+00,2026-05-20 09:31:02.172335+00,10.6510014,106.7258641
232405f7-f02c-424f-85b2-655f168193ac,/kWh,/ng,0,/xe,201,19b9311a-a28b-4632-b061-60740d716e98,6500000,355/7 LÊ VĂN LƯƠNG,false,4000,100000,0,0,100000,200000,/ng,/ph,False,"355/7 Lê Văn Lương, Phường Tân Hưng, Quận 7, Thành phố Hồ Chí Minh","""Quận 7 - PHÙ HỢP [SINH VIÊN & NGƯỜI ĐI LÀM Q4, Q1] | \nVị trí: Lê Văn Lương | Nguyễn Thị Thập | Trần Xuân Soạn | Giáp Quận 4 (gen_random_uuid(), 3p) | Cách Lotte Mart (gen_random_uuid(), 2p) | \nTiện ích: ĐH Tôn Đức Thắng - Rmit | Lotte Mart | BV FV | \nThực tế: Thiên đường ẩm thực sinh viên, đi Q4 rất gần.""",,2026-05-20 09:31:02.172335+00,2026-05-20 09:31:02.172335+00,10.7282649,106.7126125
27681c7f-668e-4dd0-84aa-e69263903ae3,/kWh,/ng,0,/xe,P.003,1a26cfae-c2a9-45a6-87ef-8cedf635f5d9,6500000,25 LONG THÀNH MỸ,false,3500,120000,0,0,0,0,/ng,/ph,False,"25 Long Thành Mỹ, Phường Long Bình, Thành phố Thủ Đức, Thành phố Hồ Chí Minh","""Thành phố Thủ Đức - PHÙ HỢP Công nhân | \nVị trí: Nguyễn Xiển | Lê Văn Việt | Hoàng Hữu Nam | Giáp Dĩ An (gen_random_uuid(), 5p) | Cách Khu CNC (gen_random_uuid(), 10p) | \nTiện ích: ĐH Giao thông Vận tải | Chợ Long Bình | Công viên | \nThực tế: Gần khu công nghệ cao""",,2026-05-20 09:31:02.172335+00,2026-05-20 09:31:02.172335+00,10.8457244,106.8249973
28a304f8-3fd2-47c0-9165-8d088e3bcd3e,/kWh,/ng,120000,/xe,203,1e23f394-b3db-453e-accf-33f1c9eec2df,5000000,138 ĐƯỜNG SỐ 1,Chưa xác định,4000,100000,0,0,0,0,/ng,/ph,True,"138 đường số 1, Phường An Phú, Thành phố Thủ Đức, Thành phố Hồ Chí Minh","""Thành phố Thủ Đức - PHÙ HỢP Dân văn phòng | \nVị trí: Đường số 1 | Xa lộ Hà Nội | Mai Chí Thọ | Giáp Quận 1 (gen_random_uuid(), 10p) | Cách Vista Verde (gen_random_uuid(), 3p) | \nTiện ích: ĐH Quốc tế Sài Gòn | Siêu thị Mega Market | Công viên An Phú | \nThực tế: Khu vực trung tâm, thuận tiện""",,2026-05-20 09:31:02.172335+00,2026-05-20 09:31:02.172335+00,10.9586396,106.7488638
298b6316-9cb5-445f-936b-f982257f055c,/kWh,/m3,0,/xe,111,1ea370bc-c717-4b11-83ce-b6f99b8cde3c,3600000,163A ĐƯỜNG SỐ 339,Chưa xác định,4000,25000,0,20000,100000,210000,/ng,/ph,,"163A đường số 339, Phường Phước Long B, Thành phố Thủ Đức, Thành phố Hồ Chí Minh","""Thành phố Thủ Đức - PHÙ HỢP Sinh viên | \nVị trí: Đường số 339 | Đỗ Xuân Hợp | Xa lộ Hà Nội | Giáp Quận 2 (gen_random_uuid(), 5p) | Cách Khu CNC (gen_random_uuid(), 10p) | \nTiện ích: ĐH GTVT CS2 | Chợ Phước Long B | Công viên | \nThực tế: Giao thông thuận tiện""",,2026-05-20 09:31:02.172335+00,2026-05-20 09:31:02.172335+00,10.824553,106.7690916
29aef15d-506f-4d27-831a-818c9ce99bc7,/kWh,/ng,0,/xe,P.423,209e9558-6330-4c2b-84db-77dff2b29dda,2900000,346/11B MÃ LÒ,Chưa xác định,3800,80000,0,0,120000,150000,/ng,/ph,True,"346/11B Mã Lò, Phường Bình Trị Đông A, Quận Bình Tân, Thành phố Hồ Chí Minh","""Quận Bình Tân - PHÙ HỢP Người đi làm | \nVị trí: Mã Lò | Hương Lộ 2 | Tỉnh Lộ 10 | Giáp Quận 6 (gen_random_uuid(), 10p) | Cách AEON Mall (gen_random_uuid(), 5p) | \nTiện ích: Trường THCS Bình Trị Đông | Chợ Lê Đình Cẩn | Công viên | \nThực tế: Gần trung tâm thương mại""",,2026-05-20 09:31:02.172335+00,2026-05-20 09:31:02.172335+00,10.7703543,106.5995759
2a957efa-0965-4755-8d19-604f21b6ded7,/kWh,/ng,0,/xe,102,214f3278-ba59-46c9-a914-37a7030dba2d,5800000,355/7 LÊ VĂN LƯƠNG,false,4000,100000,0,0,100000,200000,/ng,/ph,False,"355/7 Lê Văn Lương, Phường Tân Hưng, Quận 7, Thành phố Hồ Chí Minh","""Quận 7 - PHÙ HỢP [SINH VIÊN & NGƯỜI ĐI LÀM Q4, Q1] | \nVị trí: Lê Văn Lương | Nguyễn Thị Thập | Trần Xuân Soạn | Giáp Quận 4 (gen_random_uuid(), 3p) | Cách Lotte Mart (gen_random_uuid(), 2p) | \nTiện ích: ĐH Tôn Đức Thắng - Rmit | Lotte Mart | BV FV | \nThực tế: Thiên đường ẩm thực sinh viên, đi Q4 rất gần.""",,2026-05-20 09:31:02.172335+00,2026-05-20 09:31:02.172335+00,10.7282649,106.7126125
2b505c6f-c64d-414a-804b-287425838b89,/kWh,/ng,150000,/xe,202,2152281d-7ac9-46bc-ac11-d25055c3e512,4200000,127 ĐƯỜNG SỐ 82,false,3800,100000,0,0,0,0,/ng,/ph,True,"127 đường số 82, Phường Thạnh Mỹ Lợi, Thành phố Thủ Đức, Thành phố Hồ Chí Minh","""Thành phố Thủ Đức - PHÙ HỢP Chuyên gia | \nVị trí: Đường số 82 | Đồng Văn Cống | Mai Chí Thọ | Giáp Quận 2 (gen_random_uuid(), 5p) | Cách UBND Thủ Đức (gen_random_uuid(), 2p) | \nTiện ích: THPT Lương Thế Vinh | Chợ Thạnh Mỹ Lợi | Công viên Thạnh Mỹ Lợi | \nThực tế: Khu dân cư mới, hiện đại""",,2026-05-20 09:31:02.172335+00,2026-05-20 09:31:02.172335+00,10.769795,106.7606185
2ba0cc13-0d61-4204-b499-ceb1235b9bf2,/kWh,/ng,0,/xe,P402,22a17e37-359f-4f82-8898-2addb14f858c,6800000,606/62 - 64 ĐƯỜNG 3/2,Chưa xác định,0,0,0,0,0,0,/ng,/ph,False,"606/62 - 64 Đường 3/2, Phường 14, Quận 10, Thành phố Hồ Chí Minh","""Vị trí: Hẻm xe tải thông thoáng | \nThực tế: Hẻm kinh doanh mạnh, nhiều văn phòng, kho hàng nội thất | \nTiện ích: BV Trưng Vương, ĐH Bách Khoa, SVĐ Phú Thọ.""",,2026-05-20 09:31:02.172335+00,2026-05-20 09:31:02.172335+00,10.8187622,106.7068282
2ce1f4e6-346c-4aea-ae82-92f25c0659fc,/kWh,/m3,0,/xe,411,231a8ca8-e127-4425-9859-d86c5a3dc3d3,3500000,42A MÃ LÒ,Chưa xác định,3900,29000,0,0,100000,150000,/ng,/ph,False,"42A MÃ LÒ, Phường Bình Trị Đông A, Quận Bình Tân, Thành phố Hồ Chí Minh","""Quận Bình Tân - PHÙ HỢP Người đi làm | \nVị trí: Mã Lò | Hương Lộ 2 | Tỉnh Lộ 10 | Giáp Quận 6 (gen_random_uuid(), 10p) | Cách AEON Mall (gen_random_uuid(), 5p) | \nTiện ích: Trường THCS Bình Trị Đông | Chợ Lê Đình Cẩn | Công viên | \nThực tế: Gần trung tâm thương mại""",,2026-05-20 09:31:02.172335+00,2026-05-20 09:31:02.172335+00,10.7703543,106.5995759
2dcc4b9c-2a4d-4a53-b243-9a79effa3583,/kWh,/ng,0,/xe,P.005,28ed91f0-e5a2-4268-ade6-c0c0bd052c00,6500000,25 LONG THÀNH MỸ,false,3500,120000,0,0,0,0,/ng,/ph,False,"25 Long Thành Mỹ, Phường Long Bình, Thành phố Thủ Đức, Thành phố Hồ Chí Minh","""Thành phố Thủ Đức - PHÙ HỢP Công nhân | \nVị trí: Nguyễn Xiển | Lê Văn Việt | Hoàng Hữu Nam | Giáp Dĩ An (gen_random_uuid(), 5p) | Cách Khu CNC (gen_random_uuid(), 10p) | \nTiện ích: ĐH Giao thông Vận tải | Chợ Long Bình | Công viên | \nThực tế: Gần khu công nghệ cao""",,2026-05-20 09:31:02.172335+00,2026-05-20 09:31:02.172335+00,10.8457244,106.8249973
30c24c66-8c25-493f-bd3e-73abe33e14f8,/kWh,/ng,0,/xe,101,29d338cc-cb06-4f6e-b491-7447c0b6bd54,3900000,241 AN DƯƠNG VƯƠNG,false,3800,100000,0,0,120000,150000,/ng,/ph,True,"241 An Dương Vương, Phường An Lạc, Quận Bình Tân, Thành phố Hồ Chí Minh","""Quận Bình Tân - PHÙ HỢP Dân văn phòng | \nVị trí: An Dương Vương | Võ Văn Kiệt | Kinh Dương Vương | Giáp Quận 8 (gen_random_uuid(), 3p) | Cách Bến xe Miền Tây (gen_random_uuid(), 5p) | \nTiện ích: ĐH Công nghệ TP.HCM | Chợ An Dương Vương | Công viên | \nThực tế: Thuận tiện di chuyển""",,2026-05-20 09:31:02.172335+00,2026-05-20 09:31:02.172335+00,10.773806,106.6471276
322fade2-e280-491e-8488-91d8f6527533,/kWh,/ng,0,/xe,409,2b0b1262-0e57-4138-98b8-37c34e92c070,3400000,31A ĐƯỜNG SỐ 8,Chưa xác định,4000,100000,0,2000,100000,210000,/ng,/ph,True,"31A Đường số 8, Phường Tăng Nhơn Phú A, Thành phố Thủ Đức, Thành phố Hồ Chí Minh","""Thành phố Thủ Đức - PHÙ HỢP Sinh viên | \nVị trí: Đường số 8 | Lê Văn Việt | Man Thiện | Giáp Khu CNC (gen_random_uuid(), 5p) | Cách Học viện Bưu chính (gen_random_uuid(), 3p) | \nTiện ích: Học viện Bưu chính | Chợ đêm Man Thiện | Công viên | \nThực tế: Gần trường, thuận tiện đi học""",,2026-05-20 09:31:02.172335+00,2026-05-20 09:31:02.172335+00,10.8674108,106.8045197
382b590a-58aa-4bec-a330-7c2ad4ecc273,/kWh,/ng,0,/xe,304,2d59a940-d563-463d-8d6e-28c27c156e25,3000000,30/1 NGUYỄN TRỌNG TRÍ,false,4000,100000,0,0,0,150000,/ng,/ph,False,"30/1 Nguyễn Trọng Trí, Phường An Lạc, Quận Bình Tân, Thành phố Hồ Chí Minh","""Quận Bình Tân - PHÙ HỢP Sinh viên | \nVị trí: Kinh Dương Vương | Hồ Học Lãm | Võ Văn Kiệt | Giáp Quận 8 (gen_random_uuid(), 5p) | Cách Bến xe Miền Tây (gen_random_uuid(), 2p) | \nTiện ích: ĐH Kinh tế Tài chính | Siêu thị BigC | Công viên Phú Lâm | \nThực tế: Kết nối đại lộ Võ Văn Kiệt nhanh""",,2026-05-20 09:31:02.172335+00,2026-05-20 09:31:02.172335+00,10.773806,106.6471276
399e3421-d0ad-45e8-8d37-3dbabbfa846b,/kWh,/m3,0,/xe,303,2e3bf1d0-3300-4d0f-aefa-f2c8bb9b5bc3,3500000,42A MÃ LÒ,Chưa xác định,3900,29000,0,0,100000,150000,/ng,/ph,False,"42A MÃ LÒ, Phường Bình Trị Đông A, Quận Bình Tân, Thành phố Hồ Chí Minh","""Quận Bình Tân - PHÙ HỢP Người đi làm | \nVị trí: Mã Lò | Hương Lộ 2 | Tỉnh Lộ 10 | Giáp Quận 6 (gen_random_uuid(), 10p) | Cách AEON Mall (gen_random_uuid(), 5p) | \nTiện ích: Trường THCS Bình Trị Đông | Chợ Lê Đình Cẩn | Công viên | \nThực tế: Gần trung tâm thương mại""",,2026-05-20 09:31:02.172335+00,2026-05-20 09:31:02.172335+00,10.7703543,106.5995759
3a75a82d-09e0-46ec-91e8-d1ed6b9d84b4,/kWh,/ng,0,/xe,301,2efed717-03c7-495e-bf43-307d4cb8a405,6500000,355/7 LÊ VĂN LƯƠNG,false,4000,100000,0,0,100000,200000,/ng,/ph,False,"355/7 Lê Văn Lương, Phường Tân Hưng, Quận 7, Thành phố Hồ Chí Minh","""Quận 7 - PHÙ HỢP [SINH VIÊN & NGƯỜI ĐI LÀM Q4, Q1] | \nVị trí: Lê Văn Lương | Nguyễn Thị Thập | Trần Xuân Soạn | Giáp Quận 4 (gen_random_uuid(), 3p) | Cách Lotte Mart (gen_random_uuid(), 2p) | \nTiện ích: ĐH Tôn Đức Thắng - Rmit | Lotte Mart | BV FV | \nThực tế: Thiên đường ẩm thực sinh viên, đi Q4 rất gần.""",,2026-05-20 09:31:02.172335+00,2026-05-20 09:31:02.172335+00,10.7282649,106.7126125
3b1bbe4d-3f89-4515-8fd6-f463caf9666a,/kWh,/ng,0,/xe,402,301424da-844e-4ee7-afb9-d266907ca0d8,3000000,258 TRƯỜNG CHINH,false,3600,80000,0,60000,0,150000,/ng,/ph,False,"258 Trường Chinh, Phường Đông Hưng Thuận, Quận 12, Thành phố Hồ Chí Minh","""Quận 12 - PHÙ HỢP SHOWROOM\nVị trí: Trường Chinh | Đông Hưng Thuận | Gần Cầu Tham Lương \nTiện ích: Trạm Metro số 2 | BigC Pandora | KCN Tân Bình \nThực tế: Trục đường huyết mạch cửa ngõ Tây Bắc, mặt tiền rộng, quảng bá cực tốt""",,2026-05-20 09:31:02.172335+00,2026-05-20 09:31:02.172335+00,10.8308138,106.6222679
3ce8f722-4de8-4c6e-8a38-495db651b08b,/kWh,/ng,0,/xe,P104C,30d45991-e70d-4946-9573-78f767f482a9,4700000,41A THẠNH MỸ LỢI,Chưa xác định,0,0,0,0,0,0,/ng,/ph,False,"41A Thạnh Mỹ Lợi, Phường Cát Lái, TP.HCM, Phường Cát Lái, Thành phố Thủ Đức, Thành phố Hồ Chí Minh","""Thành phố Thủ Đức - PHÙ HỢP Chuyên gia | \nVị trí: Thạnh Mỹ Lợi | Đồng Văn Cống | Mai Chí Thọ | Giáp Quận 1 (gen_random_uuid(), 15p) | Cách Cảng Cát Lái (gen_random_uuid(), 5p) | \nTiện ích: Trường Tiểu học Cát Lái | Siêu thị | Công viên Cát Lái | \nThực tế: N gian yên tĩnh""",,2026-05-20 09:31:02.172335+00,2026-05-20 09:31:02.172335+00,10.7779824,106.7612965
3d05578c-472c-449c-9a81-1c20f36cd0b5,/kWh,/m3,170000,/xe,121B1,310eb919-0fea-4687-9ac1-7993d075803f,2300000,KHU B/B1/C/C1 ĐƯỜNG SỐ 2,Chưa xác định,4000,25000,0,20000,120000,0,/ng,/ph,True,"Khu B/B1/C/C1 đường số 2, KP Phước Hiệp, Phường Trường Thạnh, Thành phố Thủ Đức, Thành phố Hồ Chí Minh","""Thành phố Thủ Đức - PHÙ HỢP Gia đình | \nVị trí: Đường số 2 | Nguyễn Duy Trinh | Lã Xuân Oai | Giáp Khu CNC (gen_random_uuid(), 10p) | Cách KĐT Đông Tăng Long (gen_random_uuid(), 3p) | \nTiện ích: Trường Quốc tế | Chợ Trường Thạnh | Công viên Đông Tăng Long | \nThực tế: N gian sống xanh""",,2026-05-20 09:31:02.172335+00,2026-05-20 09:31:02.172335+00,10.7662508,106.7042994
3ecc6b30-e651-4aa4-bb3d-efec42ba4f20,/kWh,/ph,0,/xe,P108,33bb2701-2176-4eb1-ac81-99978e1af5e5,2000000,PHÒNG TRỌ 176,Chưa xác định,4000,30000,50000,0,80000,80000,/ng,/ph,True,"176 Huỳnh Tấn Phát, Phường Tân Thuận Tây, Quận 7, Thành phố Hồ Chí Minh",,,2026-05-20 09:31:02.172335+00,2026-05-20 09:31:02.172335+00,10.73785,106.729695
3fad7721-77f6-4294-986d-07c2a5b4d2ec,/kWh,/ng,0,/xe,MR109-304,38cb1eef-4b66-4c8e-b6f3-5e38a04eb518,6990000,38/3-5-7 NGUYỄN VĂN TRỖI,Chưa xác định,4000,120000,0,0,100000,200000,/ng,/ph,False,"38/3-5-7 Nguyễn Văn Trỗi, Phường 04, Quận Phú Nhuận, Thành phố Hồ Chí Minh","""Quận Phú Nhuận - PHÙ HỢP Dân văn phòng | \nVị trí: Nguyễn Văn Trỗi | Hoàng Văn Thụ | Huỳnh Văn Bánh | Giáp Quận 1 (gen_random_uuid(), 5p) | Cách Sân bay Tân Sơn Nhất (gen_random_uuid(), 10p) | \nTiện ích: ĐH Tài nguyên | Siêu thị Co.opmart | Công viên Hoàng Văn Thụ | \nThực tế: Giao thông thuận lợi""",,2026-05-20 09:31:02.172335+00,2026-05-20 09:31:02.172335+00,10.8010061,106.6797643
4060eacd-c5ce-478e-99a6-5e06bc00264e,/kWh,/m3,150000,/xe,B209,39bf6b8b-06d0-4e92-a765-7fb4b32d7207,4400000,32/40 VÕ VĂN HÁT,Chưa xác định,3800,22000,0,30000,100000,0,/ng,/ph,True,"32/40 Võ Văn Hát, Phường Long Trường, Thành phố Thủ Đức, Thành phố Hồ Chí Minh","""Thành phố Thủ Đức - PHÙ HỢP Sinh viên | \nVị trí: Võ Văn Hát | Lã Xuân Oai | Nguyễn Duy Trinh | Giáp Khu CNC (gen_random_uuid(), 7p) | Cách ĐH Tài chính - Marketing (gen_random_uuid(), 3p) | \nTiện ích: ĐH Tài chính - Marketing | Chợ Long Trường | Công viên Long Trường | \nThực tế: Thuận tiện đi học, làm việc""",,2026-05-20 09:31:02.172335+00,2026-05-20 09:31:02.172335+00,10.8160442,106.8091373
40952032-9f78-4225-974e-f2ee06904c83,/kWh,/ng,0,/xe,301,3cc6f7b7-516a-47a6-a458-71824f31322b,3800000,241 AN DƯƠNG VƯƠNG,false,3800,100000,0,0,120000,150000,/ng,/ph,True,"241 An Dương Vương, Phường An Lạc, Quận Bình Tân, Thành phố Hồ Chí Minh","""Quận Bình Tân - PHÙ HỢP Dân văn phòng | \nVị trí: An Dương Vương | Võ Văn Kiệt | Kinh Dương Vương | Giáp Quận 8 (gen_random_uuid(), 3p) | Cách Bến xe Miền Tây (gen_random_uuid(), 5p) | \nTiện ích: ĐH Công nghệ TP.HCM | Chợ An Dương Vương | Công viên | \nThực tế: Thuận tiện di chuyển""",,2026-05-20 09:31:02.172335+00,2026-05-20 09:31:02.172335+00,10.773806,106.6471276
40a59d5e-f221-4214-bdcc-c629d6785d1f,/kWh,/ng,0,/xe,313,3e540991-b889-4ec1-908e-0b9af7b1ef05,2300000,54 ĐƯỜNG SỐ 57C,false,3500,0,0,0,80000,160000,/ng,/ng,True,"54 Đường Số 57C, Phường Tân Tạo, Quận Bình Tân, Thành phố Hồ Chí Minh",,,2026-05-20 09:31:02.172335+00,2026-05-20 09:31:02.172335+00,10.7510379,106.5918016
428cdf60-c97c-41ca-b1f9-15fe15a6e90f,/kWh,/ng,200000,/xe,101,3f3eea83-df2a-4a38-8f0e-2221c70177d9,4700000,36/4/3 HUỲNH VĂN NGHỆ,false,4000,100000,0,0,0,0,/ng,/ph,True,"36/4/3 HUỲNH VĂN NGHỆ, Phường 15, Quận Tân Bình, Thành phố Hồ Chí Minh","""Quận Tân Bình - PHÙ HỢP Người đi làm | \nVị trí: Huỳnh Văn Nghệ | Phạm Văn Bạch | Trường Chinh | Giáp Gò Vấp (gen_random_uuid(), 3p) | Cách Sân bay Tân Sơn Nhất (gen_random_uuid(), 10p) | \nTiện ích: ĐH Công nghiệp | Chợ Phạm Văn Bạch | Công viên Gia Định | \nThực tế: Thuận tiện di chuyển và mua sắm""",,2026-05-20 09:31:02.172335+00,2026-05-20 09:31:02.172335+00,10.7989297,106.7209052
43a95e7b-3e33-4631-97b0-ed49c9412513,/kWh,/ph,0,/xe,P203,40524e67-b7a5-48f8-a34e-7c3b6cf3c021,6700000,606/62 - 64 ĐƯỜNG 3/2,Chưa xác định,4000,100000,0,0,0,200000,/ng,/ph,False,"606/62 - 64 Đường 3/2, Phường 14, Quận 10, Thành phố Hồ Chí Minh","""Vị trí: Hẻm xe tải thông thoáng | \nThực tế: Hẻm kinh doanh mạnh, nhiều văn phòng, kho hàng nội thất | \nTiện ích: BV Trưng Vương, ĐH Bách Khoa, SVĐ Phú Thọ.""",,2026-05-20 09:31:02.172335+00,2026-05-20 09:31:02.172335+00,10.8187622,106.7068282
445e1f71-13ef-402b-95dd-66053b2f4509,/kWh,/m3,0,/xe,101,436b8540-c4c9-40f4-9f53-8c154cf7ab35,6300000,76/2P LÊ VĂN CHÍ,Có. ,4000,22000,0,0,100000,150000,/ng,/ph,True,"76/2P LÊ VĂN CHÍ, Phường Linh Trung, Thành phố Thủ Đức, Thành phố Hồ Chí Minh","""Thành phố Thủ Đức - PHÙ HỢP Sinh viên | \nVị trí: Lê Văn Chí | Hoàng Diệu 2 | Xa lộ Hà Nội | Giáp Bình Dương (gen_random_uuid(), 5p) | Cách Làng ĐH Quốc gia (gen_random_uuid(), 5p) | \nTiện ích: ĐH Sư phạm Kỹ thuật | Chợ Linh Trung | Công viên | \nThực tế: Gần trường, thuận tiện""",,2026-05-20 09:31:02.172335+00,2026-05-20 09:31:02.172335+00,10.8646624,106.7619536
465d64fc-7aca-4a6e-a0b4-b2c2b2968a99,/kWh,/ng,0,/xe,NAM10,45661c5a-ed12-4e8e-88be-d8c617a1835b,1700000,159/16 NGÔ QUYỀN,Chưa xác định,0,0,0,0,300000,0,/ng,/ph,True,"159/16 Ngô Quyền, Phường 06, Quận 10, Thành phố Hồ Chí Minh","""\nVị trí: Gần Nguyễn Chí Thanh | \nThực tế: Khu vực tập trung người Hoa, buôn bán tấp nập | \nTiện ích: Chợ Nguyễn Tri Phương, BV Chợ Rẫy, SVĐ Thống Nhất.""",,2026-05-20 09:31:02.172335+00,2026-05-20 09:31:02.172335+00,10.7545571,106.6336213
4723f491-5746-4da9-8094-09705b13304d,/kWh,/ng,0,/xe,509,467d26a3-7da8-4987-ae16-2a4885b39405,3400000,31A ĐƯỜNG SỐ 8,Chưa xác định,4000,100000,0,2000,100000,210000,/ng,/ph,True,"31A Đường số 8, Phường Tăng Nhơn Phú A, Thành phố Thủ Đức, Thành phố Hồ Chí Minh","""Thành phố Thủ Đức - PHÙ HỢP Sinh viên | \nVị trí: Đường số 8 | Lê Văn Việt | Man Thiện | Giáp Khu CNC (gen_random_uuid(), 5p) | Cách Học viện Bưu chính (gen_random_uuid(), 3p) | \nTiện ích: Học viện Bưu chính | Chợ đêm Man Thiện | Công viên | \nThực tế: Gần trường, thuận tiện đi học""",,2026-05-20 09:31:02.172335+00,2026-05-20 09:31:02.172335+00,10.8674108,106.8045197
4773640d-205b-45eb-8ffe-d1ecfa6d6a5f,/kWh,/ng,0,/xe,MR109-303,46ac5746-c3e4-48ac-8111-9200c23b3141,6990000,38/3-5-7 NGUYỄN VĂN TRỖI,Chưa xác định,4000,120000,0,0,100000,200000,/ng,/ph,False,"38/3-5-7 Nguyễn Văn Trỗi, Phường 04, Quận Phú Nhuận, Thành phố Hồ Chí Minh","""Quận Phú Nhuận - PHÙ HỢP Dân văn phòng | \nVị trí: Nguyễn Văn Trỗi | Hoàng Văn Thụ | Huỳnh Văn Bánh | Giáp Quận 1 (gen_random_uuid(), 5p) | Cách Sân bay Tân Sơn Nhất (gen_random_uuid(), 10p) | \nTiện ích: ĐH Tài nguyên | Siêu thị Co.opmart | Công viên Hoàng Văn Thụ | \nThực tế: Giao thông thuận lợi""",,2026-05-20 09:31:02.172335+00,2026-05-20 09:31:02.172335+00,10.8010061,106.6797643
487eb873-9581-49a3-ae45-d23fd277ffcd,/kWh,/ng,0,/xe,P409,470699c2-733d-4e9f-a41f-06f19b908c66,4100000,16 LÊ THỊ CHỢ,Chưa xác định,4000,100000,0,0,120000,200000,/ng,/ph,True,"16 Lê Thị Chợ, Phường Phú Thuận, Quận 7, Thành phố Hồ Chí Minh","""Quận 7 - PHÙ HỢP [NVVP & GIA ĐÌNH] | \nVị trí: Lê Thị Chợ | Huỳnh Tấn Phát | Đào Trí | Giáp Quận 4 (gen_random_uuid(), 15p) | Cách Crescent Mall (gen_random_uuid(), 5p) | \nTiện ích: ĐH Duy Tân | Crescent Mall | BV Pháp Việt | \nThực tế: Hẻm an ninh, sạch sẽ, chuẩn sống Phú Mỹ Hưng.""",,2026-05-20 09:31:02.172335+00,2026-05-20 09:31:02.172335+00,10.73785,106.729695
4cce5a7b-b121-43c4-8b92-0079d1424f6e,/kWh,/ng,0,/xe,08,48922aee-ec95-4a01-986e-633df983d7c1,2600000,41 ĐƯỜNG 10B,false,3500,100000,0,0,0,120000,/ng,/ph,True,"41 Đường 10b, Phường Bình Hưng Hoà B, Quận Bình Tân, Thành phố Hồ Chí Minh","""Quận Bình Tân - PHÙ HỢP Người đi làm | \nVị trí: Quốc lộ 1A | Mã Lò | Tỉnh Lộ 10 | Giáp Tân Phú (gen_random_uuid(), 10p) | Cách AEON Mall Tân Phú (gen_random_uuid(), 10p) | \nTiện ích: Trường THCS Bình Hưng Hòa | Chợ Bình Hưng Hòa | Công viên | \nThực tế: Yên tĩnh và thoáng mát""",,2026-05-20 09:31:02.172335+00,2026-05-20 09:31:02.172335+00,10.7703543,106.5995759
4ce81d04-a2e8-4e77-ac88-caaec93952de,/kWh,/ng,0,/xe,P504,494999b4-f75e-46de-874a-580cdb696f7a,4100000,16 LÊ THỊ CHỢ,Chưa xác định,4000,100000,0,0,120000,200000,/ng,/ph,False,"16 Lê Thị Chợ, Phường Phú Thuận, Quận 7, Thành phố Hồ Chí Minh","""Quận 7 - PHÙ HỢP [NVVP & GIA ĐÌNH] | \nVị trí: Lê Thị Chợ | Huỳnh Tấn Phát | Đào Trí | Giáp Quận 4 (gen_random_uuid(), 15p) | Cách Crescent Mall (gen_random_uuid(), 5p) | \nTiện ích: ĐH Duy Tân | Crescent Mall | BV Pháp Việt | \nThực tế: Hẻm an ninh, sạch sẽ, chuẩn sống Phú Mỹ Hưng.""",,2026-05-20 09:31:02.172335+00,2026-05-20 09:31:02.172335+00,10.73785,106.729695
4ced7799-d6cb-4049-8248-d66ba35cd556,/kWh,/ng,0,/xe,306,49cf0e6a-2b12-4e6b-b669-7e1b0dc3ae5c,4500000,48/4 ĐÔNG HƯNG THUẬN 40,false,3800,100000,0,0,0,180000,/ng,/ph,False,"48/4 Đông Hưng Thuận 40, Phường Đông Hưng Thuận, Quận 12, Thành phố Hồ Chí Minh","""Quận 12 - PHÙ HỢP Ở/VP\nVị trí: Đông Hưng Thuận 40 | Gần Nguyễn Văn Quá (gen_random_uuid(), 2p) \nTiện ích: Trường học | Chợ đêm | Bách Hóa Xanh \nThực tế: Hẻm thông xe hơi, khu dân cư ổn định, hạ tầng hoàn thiện""",,2026-05-20 09:31:02.172335+00,2026-05-20 09:31:02.172335+00,10.8612652,106.6642083
4da03516-783b-48f4-bfe3-84dd9e8a8dca,/kWh,/ng,0,/xe,P.001,49ff738c-047a-469d-82bf-b54996fe66cd,6500000,25 LONG THÀNH MỸ,false,3500,120000,0,0,0,0,/ng,/ph,False,"25 Long Thành Mỹ, Phường Long Bình, Thành phố Thủ Đức, Thành phố Hồ Chí Minh","""Thành phố Thủ Đức - PHÙ HỢP Công nhân | \nVị trí: Nguyễn Xiển | Lê Văn Việt | Hoàng Hữu Nam | Giáp Dĩ An (gen_random_uuid(), 5p) | Cách Khu CNC (gen_random_uuid(), 10p) | \nTiện ích: ĐH Giao thông Vận tải | Chợ Long Bình | Công viên | \nThực tế: Gần khu công nghệ cao""",,2026-05-20 09:31:02.172335+00,2026-05-20 09:31:02.172335+00,10.8457244,106.8249973
4fd0cb16-19a6-43f2-a65c-a119b5aec21d,/kWh,/ng,0,/xe,204,4cd5d1b7-9e13-417e-ad63-3cd3b8824835,4000000,206/8 ĐỒNG ĐEN,Chưa xác định,3800,100000,0,0,0,150000,/ng,/ph,True,"206/8 Đồng Đen, Phường 14, Quận Tân Bình, Thành phố Hồ Chí Minh","""Quận Tân Bình - PHÙ HỢP Dân văn phòng | \nVị trí: Đồng Đen | Trường Chinh | Âu Cơ | Giáp Quận 11 (gen_random_uuid(), 5p) | Cách Sân bay Tân Sơn Nhất (gen_random_uuid(), 10p) | \nTiện ích: ĐH Bách Khoa | Chợ Tân Bình | Bệnh viện Tân Phú | \nThực tế: Giao thông thuận tiện, sầm uất""",,2026-05-20 09:31:02.172335+00,2026-05-20 09:31:02.172335+00,10.7907995,106.6984717
5447b933-6ee8-45a2-b093-e7c38123f8f8,/kWh,/m3,0,/xe,309H,4d34f4bf-788b-44d7-84c5-62decf69a49a,3200000,KHU H-HẺM 28 LÒ LU,Chưa xác định,3800,22000,0,20000,100000,150000,/ng,/ph,False,"TÀI LỘC KHU H, Phường Trường Thạnh, Thành phố Thủ Đức, Thành phố Hồ Chí Minh","""Thành phố Thủ Đức - PHÙ HỢP Gia đình | \nVị trí: Vành Đai 3 | Lã Xuân Oai | Nguyễn Duy Trinh | Giáp Khu CNC (gen_random_uuid(), 7p) | Cách KĐT Đông Tăng Long (gen_random_uuid(), 2p) | \nTiện ích: Trường Quốc tế | Siêu thị | Công viên Đông Tăng Long | \nThực tế: N gian sống xanh""",,2026-05-20 09:31:02.172335+00,2026-05-20 09:31:02.172335+00,10.8231718,106.6280221
5470aef8-f4fd-49b8-af38-f6cb74c2d117,/kWh,/m3,150000,/xe,2101B,4d4f8fe5-0894-4830-a281-fdb46cedd5bd,2300000,504/58 KINH DƯƠNG VƯƠNG,false,3500,20000,0,0,120000,0,/ng,/ng,False,"504/58 KINH DƯƠNG VƯƠNG, Phường An Lạc, Quận Bình Tân, Thành phố Hồ Chí Minh","""Quận Bình Tân - PHÙ HỢP Dân văn phòng | \nVị trí: Kinh Dương Vương | Hồ Học Lãm | Võ Văn Kiệt | Giáp Quận 8 (gen_random_uuid(), 5p) | Cách Bến xe Miền Tây (gen_random_uuid(), 5p) | \nTiện ích: ĐH Công nghệ TP.HCM | Siêu thị BigC | Công viên Phú Lâm | \nThực tế: Kết nối đại lộ nhanh chóng""",,2026-05-20 09:31:02.172335+00,2026-05-20 09:31:02.172335+00,10.773806,106.6471276
5484410f-b50b-428d-8c1c-1062c911e671,/kWh,/ng,0,/xe,NAM3,4dc2f7e8-a26c-4ba6-a24f-b472c95a6e66,1700000,159/16 NGÔ QUYỀN,Chưa xác định,0,0,0,0,300000,0,/ng,/ph,True,"159/16 Ngô Quyền, Phường 06, Quận 10, Thành phố Hồ Chí Minh","""\nVị trí: Gần Nguyễn Chí Thanh | \nThực tế: Khu vực tập trung người Hoa, buôn bán tấp nập | \nTiện ích: Chợ Nguyễn Tri Phương, BV Chợ Rẫy, SVĐ Thống Nhất.""",,2026-05-20 09:31:02.172335+00,2026-05-20 09:31:02.172335+00,10.7545571,106.6336213
54b470c4-c9d5-47e1-b8fe-daee0da858e5,/kWh,/ng,0,/xe,407,52ab4cc3-5482-4c07-a76b-a551c0dbbd3e,4500000,48/4 ĐÔNG HƯNG THUẬN 40,false,3800,100000,0,0,0,180000,/ng,/ph,False,"48/4 Đông Hưng Thuận 40, Phường Đông Hưng Thuận, Quận 12, Thành phố Hồ Chí Minh","""Quận 12 - PHÙ HỢP Ở/VP\nVị trí: Đông Hưng Thuận 40 | Gần Nguyễn Văn Quá (gen_random_uuid(), 2p) \nTiện ích: Trường học | Chợ đêm | Bách Hóa Xanh \nThực tế: Hẻm thông xe hơi, khu dân cư ổn định, hạ tầng hoàn thiện""",,2026-05-20 09:31:02.172335+00,2026-05-20 09:31:02.172335+00,10.8612652,106.6642083
55454a04-a6c5-463c-b742-aec0c06bb74c,/kWh,/ng,0,/xe,505,546a3413-1750-4122-95d7-a9136008d9a6,3000000,258 TRƯỜNG CHINH,false,3600,80000,0,60000,0,150000,/ng,/ph,False,"258 Trường Chinh, Phường Đông Hưng Thuận, Quận 12, Thành phố Hồ Chí Minh","""Quận 12 - PHÙ HỢP SHOWROOM\nVị trí: Trường Chinh | Đông Hưng Thuận | Gần Cầu Tham Lương \nTiện ích: Trạm Metro số 2 | BigC Pandora | KCN Tân Bình \nThực tế: Trục đường huyết mạch cửa ngõ Tây Bắc, mặt tiền rộng, quảng bá cực tốt""",,2026-05-20 09:31:02.172335+00,2026-05-20 09:31:02.172335+00,10.8308138,106.6222679
57633a8a-5637-4d00-801d-0a2ab1f7452f,/kWh,/ng,0,/xe,TRỆT,54aa1c00-ca38-41b2-8591-aaff7256aac8,7000000,15 ĐƯỜNG SỐ 64-CL,false,4000,100000,0,0,0,200000,/ng,/ph,True,"15 Đường Số 64-CL, Phường Cát Lái, Thành phố Thủ Đức, Thành phố Hồ Chí Minh","""Thành phố Thủ Đức - PHÙ HỢP Chuyên gia | \nVị trí: Đường 64-CL | Nguyễn Thị Định | Đồng Văn Cống | Giáp Quận 1 (gen_random_uuid(), 15p) | Cách Cảng Cát Lái (gen_random_uuid(), 5p) | \nTiện ích: Trường Tiểu học Cát Lái | Siêu thị | Công viên Cát Lái | \nThực tế: N gian yên tĩnh, gần nơi làm việc""",,2026-05-20 09:31:02.172335+00,2026-05-20 09:31:02.172335+00,10.7742891,106.7945069
584946ee-b0e8-4d7d-a4c8-e8310ac58443,/kWh,/ng,0,/xe,403,55d29374-b356-4b88-8f81-2dc665e12862,2900000,258 TRƯỜNG CHINH,false,3600,80000,0,60000,0,150000,/ng,/ph,False,"258 Trường Chinh, Phường Đông Hưng Thuận, Quận 12, Thành phố Hồ Chí Minh","""Quận 12 - PHÙ HỢP SHOWROOM\nVị trí: Trường Chinh | Đông Hưng Thuận | Gần Cầu Tham Lương \nTiện ích: Trạm Metro số 2 | BigC Pandora | KCN Tân Bình \nThực tế: Trục đường huyết mạch cửa ngõ Tây Bắc, mặt tiền rộng, quảng bá cực tốt""",,2026-05-20 09:31:02.172335+00,2026-05-20 09:31:02.172335+00,10.8308138,106.6222679
589c52fd-d369-445b-ae62-ff0abb8c3f36,/kWh,/ng,0,/xe,405,56c2a39d-5e6b-408a-954a-db09a20d5374,4300000,48/4 ĐÔNG HƯNG THUẬN 40,false,3800,100000,0,0,0,180000,/ng,/ph,False,"48/4 Đông Hưng Thuận 40, Phường Đông Hưng Thuận, Quận 12, Thành phố Hồ Chí Minh","""Quận 12 - PHÙ HỢP Ở/VP\nVị trí: Đông Hưng Thuận 40 | Gần Nguyễn Văn Quá (gen_random_uuid(), 2p) \nTiện ích: Trường học | Chợ đêm | Bách Hóa Xanh \nThực tế: Hẻm thông xe hơi, khu dân cư ổn định, hạ tầng hoàn thiện""",,2026-05-20 09:31:02.172335+00,2026-05-20 09:31:02.172335+00,10.8612652,106.6642083
59633260-a2cc-459d-bac0-f76f1221bbc6,/kWh,/ng,0,/xe,209,578ff8eb-4ec0-44f9-b76f-1f68e6598400,4000000,31 ĐƯỜNG SỐ 8,Chưa xác định,3800,100000,0,20000,100000,100000,/ng,/ph,,"31 Đường số 8, Phường Tăng Nhơn Phú A, Thành phố Thủ Đức, Thành phố Hồ Chí Minh","""Thành phố Thủ Đức - PHÙ HỢP Sinh viên | \nVị trí: Đường số 8 | Lê Văn Việt | Man Thiện | Giáp Khu CNC (gen_random_uuid(), 5p) | Cách Học viện Bưu chính (gen_random_uuid(), 3p) | \nTiện ích: Học viện Bưu chính | Chợ đêm Man Thiện | Công viên | \nThực tế: Gần trường, thuận tiện đi học""",,2026-05-20 09:31:02.172335+00,2026-05-20 09:31:02.172335+00,10.8674108,106.8045197
60e6ea0f-29f7-41fd-9d5f-61786e96ae9e,/kWh,/ng,0,/xe,P.009,58a0be02-4702-4ac2-bfbe-a5e8480f1028,3700000,271/3B LÊ VĂN LƯƠNG,Chưa xác định,4000,200000,0,0,0,200000,/ng,/ph,True,"271/3B Lê Văn Lương, Phường Tân Quy, Quận 7, Thành phố Hồ Chí Minh","""Quận 7 - PHÙ HỢP [SINH VIÊN RMIT & TÔN ĐỨC THẮNG] | \nVị trí: Lê Văn Lương | Nguyễn Thị Thập | Nguyễn Hữu Thọ | Giáp Quận 4 (gen_random_uuid(), 5p) | Cách Lotte Mart (gen_random_uuid(), 3p) | \nTiện ích: ĐH Tôn Đức Thắng - Rmit | Lotte Mart | BV FV | \nThực tế: Trung tâm sầm uất Quận 7, đi bộ tới trường.""",,2026-05-20 09:31:02.172335+00,2026-05-20 09:31:02.172335+00,10.7426478,106.7098108
610231f9-48c2-4373-8a28-b76122c29f65,/kWh,/ng,0,/xe,103,58bac7f0-e72c-47fb-912f-8c2a4ba42dbb,3700000,241 AN DƯƠNG VƯƠNG,false,3800,100000,0,0,120000,150000,/ng,/ph,True,"241 An Dương Vương, Phường An Lạc, Quận Bình Tân, Thành phố Hồ Chí Minh","""Quận Bình Tân - PHÙ HỢP Dân văn phòng | \nVị trí: An Dương Vương | Võ Văn Kiệt | Kinh Dương Vương | Giáp Quận 8 (gen_random_uuid(), 3p) | Cách Bến xe Miền Tây (gen_random_uuid(), 5p) | \nTiện ích: ĐH Công nghệ TP.HCM | Chợ An Dương Vương | Công viên | \nThực tế: Thuận tiện di chuyển""",,2026-05-20 09:31:02.172335+00,2026-05-20 09:31:02.172335+00,10.773806,106.6471276
63f67402-f17e-42a6-be6f-4065809f8e9f,/kWh,/m3,0,/xe,403,593c09f5-b022-483d-a95c-ff0f9df060d0,4200000,68 ĐƯỜNG D6,false,3800,20000,0,0,0,200000,/ng,/ph,True,"68 đường D6, Phường Phước Long B, Thành phố Thủ Đức, Thành phố Hồ Chí Minh","""Thành phố Thủ Đức - PHÙ HỢP Sinh viên | \nVị trí: Đường D6 | Đỗ Xuân Hợp | Dương Đình Hội | Giáp Quận 2 (gen_random_uuid(), 5p) | Cách Khu CNC (gen_random_uuid(), 7p) | \nTiện ích: CĐ Nghề | Chợ Phước Long B | Công viên | \nThực tế: Yên tĩnh, thuận tiện""",,2026-05-20 09:31:02.172335+00,2026-05-20 09:31:02.172335+00,10.9779341,106.7448245
65df8a7e-645c-4585-b188-1c96aaf4a1a5,/kWh,/m3,150000,/xe,2051B,5d4eca07-2e46-49cb-8733-87a3fdd94bb1,2300000,504/58 KINH DƯƠNG VƯƠNG,false,3500,20000,0,0,120000,0,/ng,/ng,False,"504/58 KINH DƯƠNG VƯƠNG, Phường An Lạc, Quận Bình Tân, Thành phố Hồ Chí Minh","""Quận Bình Tân - PHÙ HỢP Dân văn phòng | \nVị trí: Kinh Dương Vương | Hồ Học Lãm | Võ Văn Kiệt | Giáp Quận 8 (gen_random_uuid(), 5p) | Cách Bến xe Miền Tây (gen_random_uuid(), 5p) | \nTiện ích: ĐH Công nghệ TP.HCM | Siêu thị BigC | Công viên Phú Lâm | \nThực tế: Kết nối đại lộ nhanh chóng""",,2026-05-20 09:31:02.172335+00,2026-05-20 09:31:02.172335+00,10.773806,106.6471276
66814354-2ee7-4c49-87e6-80c4bff402f2,/kWh,/ng,0,/xe,201,5d5f6c0a-d3c4-43c6-ac4a-6186f7b49aac,3900000,241 AN DƯƠNG VƯƠNG,false,3800,100000,0,0,120000,150000,/ng,/ph,True,"241 An Dương Vương, Phường An Lạc, Quận Bình Tân, Thành phố Hồ Chí Minh","""Quận Bình Tân - PHÙ HỢP Dân văn phòng | \nVị trí: An Dương Vương | Võ Văn Kiệt | Kinh Dương Vương | Giáp Quận 8 (gen_random_uuid(), 3p) | Cách Bến xe Miền Tây (gen_random_uuid(), 5p) | \nTiện ích: ĐH Công nghệ TP.HCM | Chợ An Dương Vương | Công viên | \nThực tế: Thuận tiện di chuyển""",,2026-05-20 09:31:02.172335+00,2026-05-20 09:31:02.172335+00,10.773806,106.6471276
681f2cdf-b7ea-4e20-bec2-0dffad0c7bf0,/kWh,/ng,0,/xe,203,5d7da85b-667f-43ea-8a69-837cb8301886,5800000,355/7 LÊ VĂN LƯƠNG,false,4000,100000,0,0,100000,200000,/ng,/ph,False,"355/7 Lê Văn Lương, Phường Tân Hưng, Quận 7, Thành phố Hồ Chí Minh","""Quận 7 - PHÙ HỢP [SINH VIÊN & NGƯỜI ĐI LÀM Q4, Q1] | \nVị trí: Lê Văn Lương | Nguyễn Thị Thập | Trần Xuân Soạn | Giáp Quận 4 (gen_random_uuid(), 3p) | Cách Lotte Mart (gen_random_uuid(), 2p) | \nTiện ích: ĐH Tôn Đức Thắng - Rmit | Lotte Mart | BV FV | \nThực tế: Thiên đường ẩm thực sinh viên, đi Q4 rất gần.""",,2026-05-20 09:31:02.172335+00,2026-05-20 09:31:02.172335+00,10.7282649,106.7126125
68fa637b-962d-4094-b008-1a1f924414ff,/kWh,/ng,0,/xe,204,5e227fd3-a78d-4bf3-aca7-24dde5e50077,5800000,355/7 LÊ VĂN LƯƠNG,false,4000,100000,0,0,100000,200000,/ng,/ph,False,"355/7 Lê Văn Lương, Phường Tân Hưng, Quận 7, Thành phố Hồ Chí Minh","""Quận 7 - PHÙ HỢP [SINH VIÊN & NGƯỜI ĐI LÀM Q4, Q1] | \nVị trí: Lê Văn Lương | Nguyễn Thị Thập | Trần Xuân Soạn | Giáp Quận 4 (gen_random_uuid(), 3p) | Cách Lotte Mart (gen_random_uuid(), 2p) | \nTiện ích: ĐH Tôn Đức Thắng - Rmit | Lotte Mart | BV FV | \nThực tế: Thiên đường ẩm thực sinh viên, đi Q4 rất gần.""",,2026-05-20 09:31:02.172335+00,2026-05-20 09:31:02.172335+00,10.7282649,106.7126125
6a43c714-4f43-4ba6-b644-04486f8037e5,/kWh,/m3,0,/xe,313,5e5b33f6-0dad-4d98-b454-51225f969c7c,3600000,163A ĐƯỜNG SỐ 339,Chưa xác định,4000,25000,0,20000,100000,210000,/ng,/ph,True,"163A đường số 339, Phường Phước Long B, Thành phố Thủ Đức, Thành phố Hồ Chí Minh","""Thành phố Thủ Đức - PHÙ HỢP Sinh viên | \nVị trí: Đường số 339 | Đỗ Xuân Hợp | Xa lộ Hà Nội | Giáp Quận 2 (gen_random_uuid(), 5p) | Cách Khu CNC (gen_random_uuid(), 10p) | \nTiện ích: ĐH GTVT CS2 | Chợ Phước Long B | Công viên | \nThực tế: Giao thông thuận tiện""",,2026-05-20 09:31:02.172335+00,2026-05-20 09:31:02.172335+00,10.824553,106.7690916
6b0bac66-b20b-41c0-a240-6b3f1a53772c,/kWh,/ng,0,/xe,401,62cabee3-a198-4659-94cb-f1387d887be4,2100000,SỐ 8 ĐƯỜNG 32,false,4000,100000,0,0,100000,200000,/ng,/ph,True,"Số 8 Đường 32, Phường Bình Trị Đông B, Quận Bình Tân, Thành phố Hồ Chí Minh","""Quận Bình Tân - PHÙ HỢP Dân văn phòng | \nVị trí: Đường 32 | Tên Lửa | Kinh Dương Vương | Giáp Tân Phú (gen_random_uuid(), 5p) | Cách AEON Mall (gen_random_uuid(), 3p) | \nTiện ích: Trường THCS Bình Trị Đông | AEON Mall | Công viên Tên Lửa | \nThực tế: Khu dân cư hiện đại""",,2026-05-20 09:31:02.172335+00,2026-05-20 09:31:02.172335+00,10.7703543,106.5995759
6b3815d3-fc2d-44c9-baaf-4bcc017215ef,/kWh,/m3,210000,/xe,109,63d9bbb9-5d6c-4858-ba46-aae8cc5ed134,3400000,163A ĐƯỜNG SỐ 339,Chưa xác định,4000,25000,0,20000,100000,0,/ng,/ph,True,"163A đường số 339, Phường Phước Long B, Thành phố Thủ Đức, Thành phố Hồ Chí Minh","""Thành phố Thủ Đức - PHÙ HỢP Sinh viên | \nVị trí: Đường số 339 | Đỗ Xuân Hợp | Xa lộ Hà Nội | Giáp Quận 2 (gen_random_uuid(), 5p) | Cách Khu CNC (gen_random_uuid(), 10p) | \nTiện ích: ĐH GTVT CS2 | Chợ Phước Long B | Công viên | \nThực tế: Giao thông thuận tiện""",,2026-05-20 09:31:02.172335+00,2026-05-20 09:31:02.172335+00,10.824553,106.7690916
6c249540-8114-4a3b-87b2-40cb53764004,/kWh,/ng,0,/xe,309,647341cd-b623-42ee-a72c-9ca92f6102b9,4200000,13 ĐƯỜNG SỐ 7 QUẬN 2,Chưa xác định,4000,100000,0,0,100000,200000,/ng,/ph,False,"13 Đường số 7, Phường Bình Trưng Tây, Thành phố Thủ Đức, Thành phố Hồ Chí Minh","""Thành phố Thủ Đức - PHÙ HỢP Dân văn phòng | \nVị trí: Đường số 7 | Nguyễn Duy Trinh | Mai Chí Thọ | Giáp Quận 1 (gen_random_uuid(), 15p) | Cách Đảo Kim Cương (gen_random_uuid(), 5p) | \nTiện ích: THCS Giồng Ông Tố | Siêu thị | Công viên ven sông | \nThực tế: Khu dân cư văn minh""",,2026-05-20 09:31:02.172335+00,2026-05-20 09:31:02.172335+00,10.783647,106.7658051
6d44be64-0f69-4ab7-a2a1-bb4116ffe178,/kWh,/ng,0,/xe,P.404,6847595f-56c6-4fd7-a04b-66a9d7185882,4300000,NHÀ TRỌ XANH 3,Chưa xác định,4000,400000,0,0,360000,200000,/ng,/ph,True,"70/8 TRẦN THỊ LIỀN (gen_random_uuid(),  ĐƯỜNG B5), Xã Phước Kiển, Huyện Nhà Bè, Thành phố Hồ Chí Minh","""Nhà Bè - PHÙ HỢP CHUYÊN GIA\nVị trí: Trần Thị Liền | Lê Văn Lương | Giáp Q.7 (gen_random_uuid(), 3p) | Cách Phú Mỹ Hưng (gen_random_uuid(), 5p) \nTiện ích: ĐH RMIT | Vivo City | BV Pháp Việt \nThực tế: Khu biệt thự cao cấp, an ninh tuyệt đối""",,2026-05-20 09:31:02.172335+00,2026-05-20 09:31:02.172335+00,10.6510014,106.7258641
6fb0e1eb-edb9-447c-9e00-5f81d97b3884,/kWh,/ng,0,/xe,P.305,6945de2e-7e15-4afa-8245-4efa87f3eedd,5400000,131/1R TÔ HIẾN THÀNH,false,4000,100000,0,0,0,100000,/ng,/ng,True,"131/1R TÔ HIẾN THÀNH, Phường 13, Quận 10, Thành phố Hồ Chí Minh","""\nVị trí: Gần ngã ba Cách Mạng Tháng 8 | \nThực tế: Hẻm xe tải, kinh doanh vật liệu/nội thất nhộn nhịp | \nTiện ích: Big C Miền Đông, BV Vạn Hạnh, ga Metro tương lai.""",,2026-05-20 09:31:02.172335+00,2026-05-20 09:31:02.172335+00,10.7664812,106.6756704
714babf7-bfbc-4738-8e9e-d2f88db159e9,/kWh,/ng,0,/xe,P.003,6ad30377-5bfb-4b3d-90b5-d33e03e5d8ba,4300000,311 VÕ VĂN HÁT,false,3500,80000,0,0,0,150000,/ng,/ph,False,"311 Võ Văn Hát, Phường Long Trường, Thành phố Thủ Đức, Thành phố Hồ Chí Minh","""Thành phố Thủ Đức - PHÙ HỢP Sinh viên | \nVị trí: Võ Văn Hát | Lã Xuân Oai | Nguyễn Duy Trinh | Giáp Khu CNC (gen_random_uuid(), 7p) | Cách ĐH Tài chính - Marketing (gen_random_uuid(), 3p) | \nTiện ích: ĐH Tài chính - Marketing | Chợ Long Trường | Công viên Long Trường | \nThực tế: Thuận tiện đi học và làm việc""",,2026-05-20 09:31:02.172335+00,2026-05-20 09:31:02.172335+00,10.816473,106.8096346
7364d505-80e3-4b41-b6fc-58f121d88ab0,/kWh,/ng,0,/xe,403,6b0bf521-42ca-4ad4-96ed-c0aeb8b09f7e,4300000,48/4 ĐÔNG HƯNG THUẬN 40,false,3800,100000,0,0,0,180000,/ng,/ph,False,"48/4 Đông Hưng Thuận 40, Phường Đông Hưng Thuận, Quận 12, Thành phố Hồ Chí Minh","""Quận 12 - PHÙ HỢP Ở/VP\nVị trí: Đông Hưng Thuận 40 | Gần Nguyễn Văn Quá (gen_random_uuid(), 2p) \nTiện ích: Trường học | Chợ đêm | Bách Hóa Xanh \nThực tế: Hẻm thông xe hơi, khu dân cư ổn định, hạ tầng hoàn thiện""",,2026-05-20 09:31:02.172335+00,2026-05-20 09:31:02.172335+00,10.8612652,106.6642083
744ed47e-1e3b-4b6b-ba76-be6fb8baa08a,/kWh,/ng,200000,/xe,210,6f7ba2c6-6486-47cc-afc2-8c13a66f1ce3,4200000,"213 TĂNG NHƠN PHÚ (gen_random_uuid(), SỐ 1 ĐS 8)",Chưa xác định,4000,120000,0,0,120000,0,/ng,/ph,True,"213 TĂNG NHƠN PHÚ (gen_random_uuid(), SỐ 1 ĐS 8), Phường Tăng Nhơn Phú B, Thành phố Thủ Đức, Thành phố Hồ Chí Minh","""Thành phố Thủ Đức - PHÙ HỢP Sinh viên | \nVị trí: Đường số 8 | Lê Văn Việt | Man Thiện | Giáp Khu CNC (gen_random_uuid(), 5p) | Cách Học viện Bưu chính (gen_random_uuid(), 3p) | \nTiện ích: Học viện Bưu chính | Chợ đêm Man Thiện | Công viên | \nThực tế: Gần trường, thuận tiện đi học""",,2026-05-20 09:31:02.172335+00,2026-05-20 09:31:02.172335+00,10.8449268,106.7864288
77717919-2082-4448-b458-42c28d3c58cb,/kWh,/ng,0,/xe,P.108,6fca1cca-6e71-47eb-90eb-639fe3caec9e,2500000,220/18 ÂU CƠ,false,3500,100000,0,0,120000,0,/ng,/ph,True,"220/18 Âu Cơ, Phường 09, Quận Tân Bình, Thành phố Hồ Chí Minh","""Quận Tân Bình - PHÙ HỢP Dân văn phòng | \nVị trí: Âu Cơ | Lạc Long Quân | Lý Thường Kiệt | Giáp Quận 11 (gen_random_uuid(), 5p) | Cách Đầm Sen (gen_random_uuid(), 7p) | \nTiện ích: ĐH Bách Khoa | Chợ Tân Bình | Bệnh viện Tân Phú | \nThực tế: Thuận tiện đi lại và mua sắm""",,2026-05-20 09:31:02.172335+00,2026-05-20 09:31:02.172335+00,10.8060049,106.6638135
78583368-7925-40c3-875b-769d27ac6f21,/kWh,/ng,0,/xe,201,70621a09-ea14-43ff-8a8f-dcce72f8763d,3600000,30/1 NGUYỄN TRỌNG TRÍ,false,4000,100000,0,0,0,150000,/ng,/ph,False,"30/1 Nguyễn Trọng Trí, Phường An Lạc, Quận Bình Tân, Thành phố Hồ Chí Minh","""Quận Bình Tân - PHÙ HỢP Sinh viên | \nVị trí: Kinh Dương Vương | Hồ Học Lãm | Võ Văn Kiệt | Giáp Quận 8 (gen_random_uuid(), 5p) | Cách Bến xe Miền Tây (gen_random_uuid(), 2p) | \nTiện ích: ĐH Kinh tế Tài chính | Siêu thị BigC | Công viên Phú Lâm | \nThực tế: Kết nối đại lộ Võ Văn Kiệt nhanh""",,2026-05-20 09:31:02.172335+00,2026-05-20 09:31:02.172335+00,10.773806,106.6471276
78b6e40b-3884-4ffe-b0f9-88044163d17b,/kWh,/ng,0,/xe,P.002,71148b64-34b3-4234-900a-30be5551c4a4,6500000,25 LONG THÀNH MỸ,false,3500,120000,0,0,0,0,/ng,/ph,False,"25 Long Thành Mỹ, Phường Long Bình, Thành phố Thủ Đức, Thành phố Hồ Chí Minh","""Thành phố Thủ Đức - PHÙ HỢP Công nhân | \nVị trí: Nguyễn Xiển | Lê Văn Việt | Hoàng Hữu Nam | Giáp Dĩ An (gen_random_uuid(), 5p) | Cách Khu CNC (gen_random_uuid(), 10p) | \nTiện ích: ĐH Giao thông Vận tải | Chợ Long Bình | Công viên | \nThực tế: Gần khu công nghệ cao""",,2026-05-20 09:31:02.172335+00,2026-05-20 09:31:02.172335+00,10.8457244,106.8249973
7a5211ef-40c9-46d1-9e42-501ec4692232,/kWh,/ng,0,/xe,NAM4,72f11dbe-9326-4bd1-9fe0-075bf1d90016,1700000,159/16 NGÔ QUYỀN,Chưa xác định,0,0,0,0,300000,0,/ng,/ph,True,"159/16 Ngô Quyền, Phường 06, Quận 10, Thành phố Hồ Chí Minh","""\nVị trí: Gần Nguyễn Chí Thanh | \nThực tế: Khu vực tập trung người Hoa, buôn bán tấp nập | \nTiện ích: Chợ Nguyễn Tri Phương, BV Chợ Rẫy, SVĐ Thống Nhất.""",,2026-05-20 09:31:02.172335+00,2026-05-20 09:31:02.172335+00,10.7545571,106.6336213
7ab728ea-8c7e-4cab-bbac-4e6d77d2c7ed,/kWh,/m3,0,/xe,306H,755b62b2-f621-4ad1-957c-527cc08fc9a4,3200000,KHU H-HẺM 28 LÒ LU,Chưa xác định,4000,25000,0,20000,100000,180000,/ng,/ph,False,"TÀI LỘC KHU H, Phường Trường Thạnh, Thành phố Thủ Đức, Thành phố Hồ Chí Minh","""Thành phố Thủ Đức - PHÙ HỢP Gia đình | \nVị trí: Vành Đai 3 | Lã Xuân Oai | Nguyễn Duy Trinh | Giáp Khu CNC (gen_random_uuid(), 7p) | Cách KĐT Đông Tăng Long (gen_random_uuid(), 2p) | \nTiện ích: Trường Quốc tế | Siêu thị | Công viên Đông Tăng Long | \nThực tế: N gian sống xanh""",,2026-05-20 09:31:02.172335+00,2026-05-20 09:31:02.172335+00,10.8231718,106.6280221
7abe9050-83f4-4704-a8bf-cfcc3dd3a6be,/kWh,/ng,0,/xe,P.022,757eef50-ff01-4c61-982b-016e648d0fd9,3000000,220/18 ÂU CƠ,false,3500,100000,0,0,120000,0,/ng,/ph,True,"220/18 Âu Cơ, Phường 09, Quận Tân Bình, Thành phố Hồ Chí Minh","""Quận Tân Bình - PHÙ HỢP Dân văn phòng | \nVị trí: Âu Cơ | Lạc Long Quân | Lý Thường Kiệt | Giáp Quận 11 (gen_random_uuid(), 5p) | Cách Đầm Sen (gen_random_uuid(), 7p) | \nTiện ích: ĐH Bách Khoa | Chợ Tân Bình | Bệnh viện Tân Phú | \nThực tế: Thuận tiện đi lại và mua sắm""",,2026-05-20 09:31:02.172335+00,2026-05-20 09:31:02.172335+00,10.8060049,106.6638135
7e69ce34-74cf-4b1e-9d08-17d84b65735d,/kWh,/ng,0,/xe,201,7a574010-f90f-4198-9ac3-e66136919115,6600000,563 NGUYỄN DUY TRINH,false,3800,100000,0,0,100000,150000,/ng,/ph,False,"563 Nguyễn Duy Trinh, Phường Bình Trưng Tây, Thành phố Thủ Đức, Thành phố Hồ Chí Minh","""Thành phố Thủ Đức - PHÙ HỢP Dân văn phòng | \nVị trí: Nguyễn Duy Trinh | Đồng Văn Cống | Mai Chí Thọ | Giáp Quận 1 (gen_random_uuid(), 15p) | Cách Đảo Kim Cương (gen_random_uuid(), 5p) | \nTiện ích: THPT Giồng Ông Tố | Co.op Food | Công viên ven sông | \nThực tế: Tiện ích đầy đủ, di chuyển thuận tiện""",,2026-05-20 09:31:02.172335+00,2026-05-20 09:31:02.172335+00,10.783647,106.7658051
7f3b6cba-e828-46fc-945e-1761e12553ea,/kWh,/ng,0,/xe,401,7aa32b8c-d8f3-4788-a4cb-aeec08d111eb,3400000,235 CHỢ LỚN,Chưa xác định,3800,100000,0,0,0,150000,/ng,/ph,True,"27 văn chung, Phường 13, Quận Tân Bình, Thành phố Hồ Chí Minh","""Quận Tân Bình - PHÙ HỢP Người đi làm | \nVị trí: Văn Chung | Cộng Hòa | Trường Chinh | Giáp Quận 12 (gen_random_uuid(), 10p) | Cách Sân bay Tân Sơn Nhất (gen_random_uuid(), 7p) | \nTiện ích: ĐH Tài nguyên | Siêu thị Co.opmart | Công viên Hoàng Văn Thụ | \nThực tế: Giao thông thuận tiện, gần sân bay""",,2026-05-20 09:31:02.172335+00,2026-05-20 09:31:02.172335+00,10.8044247,106.6468455
806c8d48-9f59-4f8a-9815-376e12f0344a,/kWh,/ng,0,/xe,MR109-307,7abffad1-6224-425c-b663-683c657c1439,4990000,38/3-5-7 NGUYỄN VĂN TRỖI,Chưa xác định,4000,120000,0,0,100000,200000,/ng,/ph,False,"38/3-5-7 Nguyễn Văn Trỗi, Phường 04, Quận Phú Nhuận, Thành phố Hồ Chí Minh","""Quận Phú Nhuận - PHÙ HỢP Dân văn phòng | \nVị trí: Nguyễn Văn Trỗi | Hoàng Văn Thụ | Huỳnh Văn Bánh | Giáp Quận 1 (gen_random_uuid(), 5p) | Cách Sân bay Tân Sơn Nhất (gen_random_uuid(), 10p) | \nTiện ích: ĐH Tài nguyên | Siêu thị Co.opmart | Công viên Hoàng Văn Thụ | \nThực tế: Giao thông thuận lợi""",,2026-05-20 09:31:02.172335+00,2026-05-20 09:31:02.172335+00,10.8010061,106.6797643
814b7435-db55-4d77-8698-f6c6d472efa7,/kWh,/ng,150000,/xe,G3,7b8e6b5e-1a74-4c9c-b669-4aadb651d394,4200000,127 ĐƯỜNG SỐ 82,false,3800,100000,0,0,0,0,/ng,/ph,True,"127 đường số 82, Phường Thạnh Mỹ Lợi, Thành phố Thủ Đức, Thành phố Hồ Chí Minh","""Thành phố Thủ Đức - PHÙ HỢP Chuyên gia | \nVị trí: Đường số 82 | Đồng Văn Cống | Mai Chí Thọ | Giáp Quận 2 (gen_random_uuid(), 5p) | Cách UBND Thủ Đức (gen_random_uuid(), 2p) | \nTiện ích: THPT Lương Thế Vinh | Chợ Thạnh Mỹ Lợi | Công viên Thạnh Mỹ Lợi | \nThực tế: Khu dân cư mới, hiện đại""",,2026-05-20 09:31:02.172335+00,2026-05-20 09:31:02.172335+00,10.769795,106.7606185
816b012f-4d03-4083-b041-03e0e43edbd6,/kWh,/ng,0,/xe,NAM7,7c9710f6-1ef3-4fba-b77f-def6cfd24e22,1700000,159/16 NGÔ QUYỀN,Chưa xác định,0,0,0,0,300000,0,/ng,/ph,True,"159/16 Ngô Quyền, Phường 06, Quận 10, Thành phố Hồ Chí Minh","""\nVị trí: Gần Nguyễn Chí Thanh | \nThực tế: Khu vực tập trung người Hoa, buôn bán tấp nập | \nTiện ích: Chợ Nguyễn Tri Phương, BV Chợ Rẫy, SVĐ Thống Nhất.""",,2026-05-20 09:31:02.172335+00,2026-05-20 09:31:02.172335+00,10.7545571,106.6336213
8211f25f-9110-4315-99c9-d53ee5f7d286,/kWh,/ng,0,/xe,NAM6,7efa587c-05ea-472d-8026-956e53864526,1700000,159/16 NGÔ QUYỀN,Chưa xác định,0,0,0,0,300000,0,/ng,/ph,True,"159/16 Ngô Quyền, Phường 06, Quận 10, Thành phố Hồ Chí Minh","""\nVị trí: Gần Nguyễn Chí Thanh | \nThực tế: Khu vực tập trung người Hoa, buôn bán tấp nập | \nTiện ích: Chợ Nguyễn Tri Phương, BV Chợ Rẫy, SVĐ Thống Nhất.""",,2026-05-20 09:31:02.172335+00,2026-05-20 09:31:02.172335+00,10.7545571,106.6336213
84f28d3c-165f-4d27-b8f7-b324f8a0d113,/kWh,/m3,0,/xe,110H,7f0c25de-f041-44a8-b0b7-96141541f793,3200000,KHU H-HẺM 28 LÒ LU,Chưa xác định,4000,25000,0,20000,100000,180000,/ng,/ph,False,"TÀI LỘC KHU H, Phường Trường Thạnh, Thành phố Thủ Đức, Thành phố Hồ Chí Minh","""Thành phố Thủ Đức - PHÙ HỢP Gia đình | \nVị trí: Vành Đai 3 | Lã Xuân Oai | Nguyễn Duy Trinh | Giáp Khu CNC (gen_random_uuid(), 7p) | Cách KĐT Đông Tăng Long (gen_random_uuid(), 2p) | \nTiện ích: Trường Quốc tế | Siêu thị | Công viên Đông Tăng Long | \nThực tế: N gian sống xanh""",,2026-05-20 09:31:02.172335+00,2026-05-20 09:31:02.172335+00,10.8231718,106.6280221
866864c3-c61b-4336-b960-cdb8c06a6565,/kWh,/ng,0,/xe,P604,7f135cb3-a0cc-4c8c-95ed-4303325fef5f,6600000,282/6A BHN,Chưa xác định,4000,100000,0,0,0,200000,/ng,/ph,True,"282/6A bùi hữu nghĩa, Phường 02, Quận Bình Thạnh, Thành phố Hồ Chí Minh","""BÌNH THẠNH - PHỐ CHỢ ĐÊM | \nVị trí: Bùi Hữu Nghĩa - Sát Chợ Bà Chiểu | \nTiện ích: Chợ Bà Chiểu, UBND Quận Bình Thạnh, BV Gia Định | \nThực tế: Vị trí vàng để kinh doanh ẩm thực và thời trang hẻm.""",,2026-05-20 09:31:02.172335+00,2026-05-20 09:31:02.172335+00,10.780093,106.6994812
86f7be37-15a0-465f-9648-158226c850a7,/kWh,/m3,0,/xe,P328,8192125c-ef4c-487a-b510-56fb2811f798,1800000,PHÒNG TRỌ 176,Chưa xác định,4000,30000,50000,0,80000,80000,/ng,/ph,False,"176 Huỳnh Tấn Phát, Phường Tân Thuận Tây, Quận 7, Thành phố Hồ Chí Minh",,,2026-05-20 09:31:02.172335+00,2026-05-20 09:31:02.172335+00,10.73785,106.729695
8736df1a-02d2-41f1-aa70-9690bd02dcad,/kWh,/ng,0,/xe,MR109-301,82f2a64e-45ba-4d7a-9702-ff0d08751188,6990000,38/3-5-7 NGUYỄN VĂN TRỖI,Chưa xác định,4000,120000,0,0,100000,200000,/ng,/ph,False,"38/3-5-7 Nguyễn Văn Trỗi, Phường 04, Quận Phú Nhuận, Thành phố Hồ Chí Minh","""Quận Phú Nhuận - PHÙ HỢP Dân văn phòng | \nVị trí: Nguyễn Văn Trỗi | Hoàng Văn Thụ | Huỳnh Văn Bánh | Giáp Quận 1 (gen_random_uuid(), 5p) | Cách Sân bay Tân Sơn Nhất (gen_random_uuid(), 10p) | \nTiện ích: ĐH Tài nguyên | Siêu thị Co.opmart | Công viên Hoàng Văn Thụ | \nThực tế: Giao thông thuận lợi""",,2026-05-20 09:31:02.172335+00,2026-05-20 09:31:02.172335+00,10.8010061,106.6797643
88a078e6-39b1-4cf3-8bad-1dad7f61d3c0,/kWh,/ng,0,/xe,NAM5,830b582b-81fd-4323-95f4-2f226caab555,1700000,159/16 NGÔ QUYỀN,Chưa xác định,0,0,0,0,300000,0,/ng,/ph,True,"159/16 Ngô Quyền, Phường 06, Quận 10, Thành phố Hồ Chí Minh","""\nVị trí: Gần Nguyễn Chí Thanh | \nThực tế: Khu vực tập trung người Hoa, buôn bán tấp nập | \nTiện ích: Chợ Nguyễn Tri Phương, BV Chợ Rẫy, SVĐ Thống Nhất.""",,2026-05-20 09:31:02.172335+00,2026-05-20 09:31:02.172335+00,10.7545571,106.6336213
88d05054-e77b-48d3-bd55-5bc1d0839de4,/kWh,/ng,200000,/xe,102,838b0c2b-a4f2-4a4f-9dbd-a43faa7bdd11,4700000,36/4/3 HUỲNH VĂN NGHỆ,false,4000,100000,0,0,0,0,/ng,/ph,True,"36/4/3 HUỲNH VĂN NGHỆ, Phường 15, Quận Tân Bình, Thành phố Hồ Chí Minh","""Quận Tân Bình - PHÙ HỢP Người đi làm | \nVị trí: Huỳnh Văn Nghệ | Phạm Văn Bạch | Trường Chinh | Giáp Gò Vấp (gen_random_uuid(), 3p) | Cách Sân bay Tân Sơn Nhất (gen_random_uuid(), 10p) | \nTiện ích: ĐH Công nghiệp | Chợ Phạm Văn Bạch | Công viên Gia Định | \nThực tế: Thuận tiện di chuyển và mua sắm""",,2026-05-20 09:31:02.172335+00,2026-05-20 09:31:02.172335+00,10.7989297,106.7209052
8b66f2a7-3218-4f91-bc2c-e81c8f0efd19,/kWh,/ng,200000,/xe,304,84371bee-e3d7-4f20-9fab-593005110025,5200000,36/4/3 HUỲNH VĂN NGHỆ,false,4000,100000,0,0,0,0,/ng,/ph,True,"36/4/3 HUỲNH VĂN NGHỆ, Phường 15, Quận Tân Bình, Thành phố Hồ Chí Minh","""Quận Tân Bình - PHÙ HỢP Người đi làm | \nVị trí: Huỳnh Văn Nghệ | Phạm Văn Bạch | Trường Chinh | Giáp Gò Vấp (gen_random_uuid(), 3p) | Cách Sân bay Tân Sơn Nhất (gen_random_uuid(), 10p) | \nTiện ích: ĐH Công nghiệp | Chợ Phạm Văn Bạch | Công viên Gia Định | \nThực tế: Thuận tiện di chuyển và mua sắm""",,2026-05-20 09:31:02.172335+00,2026-05-20 09:31:02.172335+00,10.7989297,106.7209052
8bf2fb14-85ba-446b-9f04-a0f1ea1c091d,/kWh,/ng,200000,/xe,108,84908c1e-571d-4ade-a422-23fc72f0813e,5000000,36/4/3 HUỲNH VĂN NGHỆ,false,4000,100000,0,0,0,0,/ng,/ph,True,"36/4/3 HUỲNH VĂN NGHỆ, Phường 15, Quận Tân Bình, Thành phố Hồ Chí Minh","""Quận Tân Bình - PHÙ HỢP Người đi làm | \nVị trí: Huỳnh Văn Nghệ | Phạm Văn Bạch | Trường Chinh | Giáp Gò Vấp (gen_random_uuid(), 3p) | Cách Sân bay Tân Sơn Nhất (gen_random_uuid(), 10p) | \nTiện ích: ĐH Công nghiệp | Chợ Phạm Văn Bạch | Công viên Gia Định | \nThực tế: Thuận tiện di chuyển và mua sắm""",,2026-05-20 09:31:02.172335+00,2026-05-20 09:31:02.172335+00,10.7989297,106.7209052
8c7ff9cf-9a30-4268-b417-b71aa1ed4e25,/kWh,/ng,0,/xe,MẶT SAU,85f802df-07bd-4347-83d6-93d97f6a048d,4500000,30/1 NGUYỄN TRỌNG TRÍ,false,4000,100000,0,0,0,150000,/ng,/ph,False,"30/1 Nguyễn Trọng Trí, Phường An Lạc, Quận Bình Tân, Thành phố Hồ Chí Minh","""Quận Bình Tân - PHÙ HỢP Sinh viên | \nVị trí: Kinh Dương Vương | Hồ Học Lãm | Võ Văn Kiệt | Giáp Quận 8 (gen_random_uuid(), 5p) | Cách Bến xe Miền Tây (gen_random_uuid(), 2p) | \nTiện ích: ĐH Kinh tế Tài chính | Siêu thị BigC | Công viên Phú Lâm | \nThực tế: Kết nối đại lộ Võ Văn Kiệt nhanh""",,2026-05-20 09:31:02.172335+00,2026-05-20 09:31:02.172335+00,10.773806,106.6471276
8de75f85-4d34-4e79-b4e9-18bca8ead095,/kWh,/ng,0,/xe,313,8817662f-f2bb-492a-af93-fccb14a36b58,4000000,31 ĐƯỜNG SỐ 8,Chưa xác định,3800,100000,0,20000,100000,100000,/ng,/ph,,"31 Đường số 8, Phường Tăng Nhơn Phú A, Thành phố Thủ Đức, Thành phố Hồ Chí Minh","""Thành phố Thủ Đức - PHÙ HỢP Sinh viên | \nVị trí: Đường số 8 | Lê Văn Việt | Man Thiện | Giáp Khu CNC (gen_random_uuid(), 5p) | Cách Học viện Bưu chính (gen_random_uuid(), 3p) | \nTiện ích: Học viện Bưu chính | Chợ đêm Man Thiện | Công viên | \nThực tế: Gần trường, thuận tiện đi học""",,2026-05-20 09:31:02.172335+00,2026-05-20 09:31:02.172335+00,10.8674108,106.8045197
8debbc32-8b10-4bd7-a740-fce5c141fcd1,/kWh,/m3,0,/xe,P230,8921714c-b365-49a9-8896-93b6a6c0306a,1800000,PHÒNG TRỌ 176,Chưa xác định,4000,30000,50000,0,80000,80000,/ng,/ph,False,"176 Huỳnh Tấn Phát, Phường Tân Thuận Tây, Quận 7, Thành phố Hồ Chí Minh",,,2026-05-20 09:31:02.172335+00,2026-05-20 09:31:02.172335+00,10.73785,106.729695
8e13a6f9-d456-4519-9b06-5f7e1bf6263f,/kWh,/ng,0,/xe,105,899b728a-2c9d-4758-8624-4146dcd54d5a,5800000,355/7 LÊ VĂN LƯƠNG,false,4000,100000,0,0,100000,200000,/ng,/ph,False,"355/7 Lê Văn Lương, Phường Tân Hưng, Quận 7, Thành phố Hồ Chí Minh","""Quận 7 - PHÙ HỢP [SINH VIÊN & NGƯỜI ĐI LÀM Q4, Q1] | \nVị trí: Lê Văn Lương | Nguyễn Thị Thập | Trần Xuân Soạn | Giáp Quận 4 (gen_random_uuid(), 3p) | Cách Lotte Mart (gen_random_uuid(), 2p) | \nTiện ích: ĐH Tôn Đức Thắng - Rmit | Lotte Mart | BV FV | \nThực tế: Thiên đường ẩm thực sinh viên, đi Q4 rất gần.""",,2026-05-20 09:31:02.172335+00,2026-05-20 09:31:02.172335+00,10.7282649,106.7126125
8fee4e3f-a63f-4ebd-9d75-a40d30896f89,/kWh,/ng,60000,/xe,225,8b5e56b4-0aed-4720-a874-589ec8cf537c,2700000,298/6A KHUÔNG VIỆT,Chưa xác định,3800,50000,0,0,100000,0,/ng,/ph,True,"298/6A KHUÔNG VIỆT, Phường Phú Trung, Quận Tân Phú, Thành phố Hồ Chí Minh","""Tân Phú - PHÙ HỢP GIA ĐÌNH\nVị trí: Khuông Việt | Hòa Bình | Giáp Q.11 (gen_random_uuid(), 1p) | Cách Đầm Sen (gen_random_uuid(), 2p) \nTiện ích: Đầm Sen | Co.op Mart | Chợ Phú Trung \nThực tế: N gian mát mẻ, gần sát trung tâm""",,2026-05-20 09:31:02.172335+00,2026-05-20 09:31:02.172335+00,10.7918681,106.6277515
962f7134-d9d1-4146-abaf-95e24b0abce1,/kWh,/ng,0,/xe,505,8ccd18d9-0fa1-420a-aad5-b91c07ec83da,4000000,48/4 ĐÔNG HƯNG THUẬN 40,false,3800,100000,0,0,0,180000,/ng,/ph,False,"48/4 Đông Hưng Thuận 40, Phường Đông Hưng Thuận, Quận 12, Thành phố Hồ Chí Minh","""Quận 12 - PHÙ HỢP Ở/VP\nVị trí: Đông Hưng Thuận 40 | Gần Nguyễn Văn Quá (gen_random_uuid(), 2p) \nTiện ích: Trường học | Chợ đêm | Bách Hóa Xanh \nThực tế: Hẻm thông xe hơi, khu dân cư ổn định, hạ tầng hoàn thiện""",,2026-05-20 09:31:02.172335+00,2026-05-20 09:31:02.172335+00,10.8612652,106.6642083
97bd1163-6337-461e-bbfd-2833460aa2e8,/kWh,/m3,0,/xe,173,920cdc9d-34ff-4450-a418-50ba68e45235,5300000,17 ĐƯỜNG D33,Chưa xác định,3800,20000,0,50000,0,180000,/ng,/ph,False,"17 Đường D33, Phường Phước Long B, Thành phố Thủ Đức, Thành phố Hồ Chí Minh","""Thành phố Thủ Đức - PHÙ HỢP Sinh viên | \nVị trí: D33 | Đỗ Xuân Hợp | Xa lộ Hà Nội | Giáp Quận 2 (gen_random_uuid(), 5p) | Cách Khu CNC (gen_random_uuid(), 10p) | \nTiện ích: ĐH GTVT CS2 | Chợ Phước Long B | Công viên | \nThực tế: Giao thông thuận tiện""",,2026-05-20 09:31:02.172335+00,2026-05-20 09:31:02.172335+00,10.9779341,106.7448245
97d1a90e-b9e8-47cf-89b1-52636f41bc48,/kWh,/m3,170000,/xe,115G,94f98ca2-b4e7-45e6-87d7-24559e8d30f5,2600000,KHU G-9/4 ĐƯỜNG SỐ 2,Chưa xác định,4000,25000,0,20000,120000,0,/ng,/ph,True,"Khu G-9/4 đường số 2, KP Phước Hiệp,, Phường Trường Thạnh, Thành phố Thủ Đức, Thành phố Hồ Chí Minh","""Thành phố Thủ Đức - PHÙ HỢP Gia đình | \nVị trí: Đường số 2 | Nguyễn Duy Trinh | Lã Xuân Oai | Giáp Khu CNC (gen_random_uuid(), 10p) | Cách KĐT Đông Tăng Long (gen_random_uuid(), 3p) | \nTiện ích: Trường Quốc tế | Chợ Trường Thạnh | Công viên Đông Tăng Long | \nThực tế: N gian sống xanh""",,2026-05-20 09:31:02.172335+00,2026-05-20 09:31:02.172335+00,10.7662508,106.7042994
97db5a30-e766-4ecb-8feb-cca8cd0462ba,/kWh,/ng,0,/xe,206,95a1d084-d2a1-4087-92ed-994893b2a856,5800000,355/7 LÊ VĂN LƯƠNG,false,4000,100000,0,0,100000,200000,/ng,/ph,False,"355/7 Lê Văn Lương, Phường Tân Hưng, Quận 7, Thành phố Hồ Chí Minh","""Quận 7 - PHÙ HỢP [SINH VIÊN & NGƯỜI ĐI LÀM Q4, Q1] | \nVị trí: Lê Văn Lương | Nguyễn Thị Thập | Trần Xuân Soạn | Giáp Quận 4 (gen_random_uuid(), 3p) | Cách Lotte Mart (gen_random_uuid(), 2p) | \nTiện ích: ĐH Tôn Đức Thắng - Rmit | Lotte Mart | BV FV | \nThực tế: Thiên đường ẩm thực sinh viên, đi Q4 rất gần.""",,2026-05-20 09:31:02.172335+00,2026-05-20 09:31:02.172335+00,10.7282649,106.7126125
989deb0f-4f0f-427a-8cac-886e35d01fb4,/kWh,/ng,0,/xe,P.016,997e640e-382b-4ea7-8cbb-b09a6eb3957e,4500000,311 VÕ VĂN HÁT,false,3500,80000,0,0,0,150000,/ng,/ph,False,"311 Võ Văn Hát, Phường Long Trường, Thành phố Thủ Đức, Thành phố Hồ Chí Minh","""Thành phố Thủ Đức - PHÙ HỢP Sinh viên | \nVị trí: Võ Văn Hát | Lã Xuân Oai | Nguyễn Duy Trinh | Giáp Khu CNC (gen_random_uuid(), 7p) | Cách ĐH Tài chính - Marketing (gen_random_uuid(), 3p) | \nTiện ích: ĐH Tài chính - Marketing | Chợ Long Trường | Công viên Long Trường | \nThực tế: Thuận tiện đi học và làm việc""",,2026-05-20 09:31:02.172335+00,2026-05-20 09:31:02.172335+00,10.816473,106.8096346
99ac4f42-78ba-4946-b4ff-3d7e2c17177c,/kWh,/ng,0,/xe,101,9a96b0fe-9196-44d3-87cf-857bcad30009,6500000,355/7 LÊ VĂN LƯƠNG,false,4000,100000,0,0,100000,200000,/ng,/ph,False,"355/7 Lê Văn Lương, Phường Tân Hưng, Quận 7, Thành phố Hồ Chí Minh","""Quận 7 - PHÙ HỢP [SINH VIÊN & NGƯỜI ĐI LÀM Q4, Q1] | \nVị trí: Lê Văn Lương | Nguyễn Thị Thập | Trần Xuân Soạn | Giáp Quận 4 (gen_random_uuid(), 3p) | Cách Lotte Mart (gen_random_uuid(), 2p) | \nTiện ích: ĐH Tôn Đức Thắng - Rmit | Lotte Mart | BV FV | \nThực tế: Thiên đường ẩm thực sinh viên, đi Q4 rất gần.""",,2026-05-20 09:31:02.172335+00,2026-05-20 09:31:02.172335+00,10.7282649,106.7126125
99de939c-fc63-4cc9-a528-9f537ab71e14,/kWh,/m3,150000,/xe,G05B,9b604152-9d8b-4871-8641-de1157d8817f,2900000,504/58 KINH DƯƠNG VƯƠNG,false,3500,20000,0,0,120000,0,/ng,/ng,True,"504/58 KINH DƯƠNG VƯƠNG, Phường An Lạc, Quận Bình Tân, Thành phố Hồ Chí Minh","""Quận Bình Tân - PHÙ HỢP Dân văn phòng | \nVị trí: Kinh Dương Vương | Hồ Học Lãm | Võ Văn Kiệt | Giáp Quận 8 (gen_random_uuid(), 5p) | Cách Bến xe Miền Tây (gen_random_uuid(), 5p) | \nTiện ích: ĐH Công nghệ TP.HCM | Siêu thị BigC | Công viên Phú Lâm | \nThực tế: Kết nối đại lộ nhanh chóng""",,2026-05-20 09:31:02.172335+00,2026-05-20 09:31:02.172335+00,10.773806,106.6471276
9a908762-93e0-4331-b4c9-6f3d4360774e,/kWh,/ng,0,/xe,506,9bcc35b3-44b2-4d5e-b834-dfbd9124abad,4500000,48/4 ĐÔNG HƯNG THUẬN 40,false,3800,100000,0,0,0,180000,/ng,/ph,False,"48/4 Đông Hưng Thuận 40, Phường Đông Hưng Thuận, Quận 12, Thành phố Hồ Chí Minh","""Quận 12 - PHÙ HỢP Ở/VP\nVị trí: Đông Hưng Thuận 40 | Gần Nguyễn Văn Quá (gen_random_uuid(), 2p) \nTiện ích: Trường học | Chợ đêm | Bách Hóa Xanh \nThực tế: Hẻm thông xe hơi, khu dân cư ổn định, hạ tầng hoàn thiện""",,2026-05-20 09:31:02.172335+00,2026-05-20 09:31:02.172335+00,10.8612652,106.6642083
9ab6728c-39f0-45f8-9112-d0b5c4cede00,/kWh,/ng,0,/xe,203,9c43c78f-ea86-415b-9822-685b59dc651a,3700000,241 AN DƯƠNG VƯƠNG,false,3800,100000,0,0,120000,150000,/ng,/ph,True,"241 An Dương Vương, Phường An Lạc, Quận Bình Tân, Thành phố Hồ Chí Minh","""Quận Bình Tân - PHÙ HỢP Dân văn phòng | \nVị trí: An Dương Vương | Võ Văn Kiệt | Kinh Dương Vương | Giáp Quận 8 (gen_random_uuid(), 3p) | Cách Bến xe Miền Tây (gen_random_uuid(), 5p) | \nTiện ích: ĐH Công nghệ TP.HCM | Chợ An Dương Vương | Công viên | \nThực tế: Thuận tiện di chuyển""",,2026-05-20 09:31:02.172335+00,2026-05-20 09:31:02.172335+00,10.773806,106.6471276
9ccb014a-f7c5-4a0a-a980-d5ffc460cad4,/kWh,/ng,150000,/xe,406,9d177369-49d4-47bf-b2ab-e668ed483fc2,4500000,436 NGÔ GIA TỰ,Chưa xác định,4000,100000,0,0,150000,0,/ng,/ph,True,"436 Ngô Gia Tự, Phường 04, Quận 10, Thành phố Hồ Chí Minh","""\nVị trí: Mặt tiền phố nội thất | \nThực tế: Chuyên doanh đồ gỗ, vỉa hè rộng, giao thương mạnh | \nTiện ích: Chợ Nhật Tảo, BV Nhi Đồng 1, trường tiểu học Trương Định.""",,2026-05-20 09:31:02.172335+00,2026-05-20 09:31:02.172335+00,10.8305173,106.6157456
9f0beecd-ef4f-4b2f-a9ba-4e5f9224eb10,/kWh,/m3,0,/xe,206,9dc52bed-c2a3-40e1-8ca9-583081ea363b,2600000,1645/9 HUỲNH TẤN PHÁT,Chưa xác định,3800,28000,0,0,0,170000,/ng,/ph,True,"1645/9 Huỳnh Tấn Phát, Phường Phú Mỹ, Quận 7, Thành phố Hồ Chí Minh","""Quận 7 - PHÙ HỢP [NGƯỜI THU NHẬP TRUNG BÌNH] | \nVị trí: Huỳnh Tấn Phát | Nguyễn Lương Bằng | Hoàng Quốc Việt | Giáp Nhà Bè (gen_random_uuid(), 2p) | Cách Phú Mỹ Hưng (gen_random_uuid(), 10p) | \nTiện ích: CĐ Kỹ thuật Cao Thắng | Chợ Phú Mỹ | BV Quận 7 | \nThực tế: Giá phòng rẻ, khu vực dân cư đông, sinh hoạt tiện.""",,2026-05-20 09:31:02.172335+00,2026-05-20 09:31:02.172335+00,10.7121896,106.7363046
a1adaa2d-710e-4ea3-9817-d9cabb7f9016,/kWh,/m3,170000,/xe,10,9e2dcc03-7b4a-4588-bea4-901849cd2611,3100000,"4 LINH TÂY(gen_random_uuid(), 20/17A ĐƯỜNG SỐ 4)",Chưa xác định,4000,25000,0,0,0,0,/ng,/ph,True,"4 LINH TÂY (gen_random_uuid(), 20/17A ĐƯỜNG SỐ 4), Phường Linh Tây, Thành phố Thủ Đức, Thành phố Hồ Chí Minh","""Thành phố Thủ Đức - PHÙ HỢP Sinh viên | \nVị trí: Đường số 4 | Kha Vạn Cân | Phạm Văn Đồng | Giáp Bình Thạnh (gen_random_uuid(), 10p) | Cách GigaMall (gen_random_uuid(), 5p) | \nTiện ích: ĐH Ngân Hàng | Chợ Thủ Đức | Công viên Linh Đông | \nThực tế: Di chuyển nhanh qua Phạm Văn Đồng""",,2026-05-20 09:31:02.172335+00,2026-05-20 09:31:02.172335+00,10.8548596,106.7550342
a22e5639-fc82-4c7b-bd0a-6e10d4a3eb51,/kWh,/m3,0,/xe,402,9f1af3fa-bb91-4ce1-b5a9-6c73149170d7,4700000,68 ĐƯỜNG D6,false,3800,20000,0,0,0,200000,/ng,/ph,True,"68 đường D6, Phường Phước Long B, Thành phố Thủ Đức, Thành phố Hồ Chí Minh","""Thành phố Thủ Đức - PHÙ HỢP Sinh viên | \nVị trí: Đường D6 | Đỗ Xuân Hợp | Dương Đình Hội | Giáp Quận 2 (gen_random_uuid(), 5p) | Cách Khu CNC (gen_random_uuid(), 7p) | \nTiện ích: CĐ Nghề | Chợ Phước Long B | Công viên | \nThực tế: Yên tĩnh, thuận tiện""",,2026-05-20 09:31:02.172335+00,2026-05-20 09:31:02.172335+00,10.9779341,106.7448245
a889ceca-4a1e-4866-b97d-4cc2e1aad1bb,/kWh,/m3,0,/xe,303,a00612a0-af5c-4a3b-8a3c-8d3f34842b88,4200000,68 ĐƯỜNG D6,false,3800,20000,0,0,0,200000,/ng,/ph,True,"68 đường D6, Phường Phước Long B, Thành phố Thủ Đức, Thành phố Hồ Chí Minh","""Thành phố Thủ Đức - PHÙ HỢP Sinh viên | \nVị trí: Đường D6 | Đỗ Xuân Hợp | Dương Đình Hội | Giáp Quận 2 (gen_random_uuid(), 5p) | Cách Khu CNC (gen_random_uuid(), 7p) | \nTiện ích: CĐ Nghề | Chợ Phước Long B | Công viên | \nThực tế: Yên tĩnh, thuận tiện""",,2026-05-20 09:31:02.172335+00,2026-05-20 09:31:02.172335+00,10.9779341,106.7448245
a9d211cb-900e-4fd1-abb4-8f5c9ed7d284,/kWh,/m3,0,/xe,101,a08c67cd-3895-412f-b688-c90aaab4e7f2,6300000,76/2P LÊ VĂN CHÍ,Có. ,4000,22000,0,0,100000,150000,/ng,/ph,True,"76/2P LÊ VĂN CHÍ, Phường Linh Trung, Thành phố Thủ Đức, Thành phố Hồ Chí Minh","""Thành phố Thủ Đức - PHÙ HỢP Sinh viên | \nVị trí: Lê Văn Chí | Hoàng Diệu 2 | Xa lộ Hà Nội | Giáp Bình Dương (gen_random_uuid(), 5p) | Cách Làng ĐH Quốc gia (gen_random_uuid(), 5p) | \nTiện ích: ĐH Sư phạm Kỹ thuật | Chợ Linh Trung | Công viên | \nThực tế: Gần trường, thuận tiện""",,2026-05-20 09:31:02.172335+00,2026-05-20 09:31:02.172335+00,10.8646624,106.7619536
aaac9ff1-0698-46b2-8b15-10b71072a2a2,/kWh,/ng,0,/xe,G01,a1b0d4ba-f10d-497b-9c3b-2322aefdc938,4200000,2/8 THIÊN PHƯỚC,false,4000,150000,0,0,100000,200000,/ng,/ph,True,"2/8 Thiên Phước, Phường 09, Quận Tân Bình, Thành phố Hồ Chí Minh","""Quận Tân Bình - PHÙ HỢP Dân văn phòng | \nVị trí: Thiên Phước | Âu Cơ | Lý Thường Kiệt | Giáp Quận 11 (gen_random_uuid(), 5p) | Cách Sân bay Tân Sơn Nhất (gen_random_uuid(), 12p) | \nTiện ích: ĐH Bách Khoa | Chợ Tân Bình | Bệnh viện Tân Phú | \nThực tế: Thuận tiện đi lại và mua sắm""",,2026-05-20 09:31:02.172335+00,2026-05-20 09:31:02.172335+00,10.8060049,106.6638135
ab3b02bb-45c0-4262-b4e1-ec463093112b,/kWh,/ng,0,/xe,202,a2224c34-66f5-48a0-b62d-356809fa5c49,5800000,355/7 LÊ VĂN LƯƠNG,false,4000,100000,0,0,100000,200000,/ng,/ph,False,"355/7 Lê Văn Lương, Phường Tân Hưng, Quận 7, Thành phố Hồ Chí Minh","""Quận 7 - PHÙ HỢP [SINH VIÊN & NGƯỜI ĐI LÀM Q4, Q1] | \nVị trí: Lê Văn Lương | Nguyễn Thị Thập | Trần Xuân Soạn | Giáp Quận 4 (gen_random_uuid(), 3p) | Cách Lotte Mart (gen_random_uuid(), 2p) | \nTiện ích: ĐH Tôn Đức Thắng - Rmit | Lotte Mart | BV FV | \nThực tế: Thiên đường ẩm thực sinh viên, đi Q4 rất gần.""",,2026-05-20 09:31:02.172335+00,2026-05-20 09:31:02.172335+00,10.7282649,106.7126125
abe82077-cc59-4d60-a085-4246f1d9485f,/kWh,/ng,0,/xe,404,a25ded71-1036-4968-98d4-43d271335d90,3500000,272 BƯNG ÔNG THOÀN,false,4000,100000,0,0,0,200000,/ng,/ph,False,"272 Bưng Ông Thoàn, Phường Tăng Nhơn Phú B, Thành phố Thủ Đức, Thành phố Hồ Chí Minh","""Thành phố Thủ Đức - PHÙ HỢP Sinh viên | \nVị trí: Bưng Ông Thoàn | Lã Xuân Oai | Đỗ Xuân Hợp | Giáp Khu CNC (gen_random_uuid(), 3p) | Cách ĐH FPT (gen_random_uuid(), 5p) | \nTiện ích: ĐH FPT | Chợ Tăng Nhơn Phú B | Công viên | \nThực tế: Giá tốt, gần CNC""",,2026-05-20 09:31:02.172335+00,2026-05-20 09:31:02.172335+00,10.8449268,106.7864288
ac9d370e-4684-42e4-bae5-a8cd6c7b046b,/kWh,/ng,0,/xe,NAM8,a288bbe4-5084-4560-82f5-b1f1b7236265,1700000,159/16 NGÔ QUYỀN,Chưa xác định,0,0,0,0,300000,0,/ng,/ph,True,"159/16 Ngô Quyền, Phường 06, Quận 10, Thành phố Hồ Chí Minh","""\nVị trí: Gần Nguyễn Chí Thanh | \nThực tế: Khu vực tập trung người Hoa, buôn bán tấp nập | \nTiện ích: Chợ Nguyễn Tri Phương, BV Chợ Rẫy, SVĐ Thống Nhất.""",,2026-05-20 09:31:02.172335+00,2026-05-20 09:31:02.172335+00,10.7545571,106.6336213
adeb09c4-8963-40ff-ac3a-d102ff0563dd,/kWh,/m3,170000,/xe,111B1,a445c705-8252-4123-8731-5aef0b1da01e,2300000,KHU B/B1/C/C1 ĐƯỜNG SỐ 2,Chưa xác định,4000,25000,0,20000,120000,0,/ng,/ph,True,"Khu B/B1/C/C1 đường số 2, KP Phước Hiệp, Phường Trường Thạnh, Thành phố Thủ Đức, Thành phố Hồ Chí Minh","""Thành phố Thủ Đức - PHÙ HỢP Gia đình | \nVị trí: Đường số 2 | Nguyễn Duy Trinh | Lã Xuân Oai | Giáp Khu CNC (gen_random_uuid(), 10p) | Cách KĐT Đông Tăng Long (gen_random_uuid(), 3p) | \nTiện ích: Trường Quốc tế | Chợ Trường Thạnh | Công viên Đông Tăng Long | \nThực tế: N gian sống xanh""",,2026-05-20 09:31:02.172335+00,2026-05-20 09:31:02.172335+00,10.7662508,106.7042994
b118be0c-52a0-470a-a3b4-05c3dd24ffb5,/kWh,/m3,0,/xe,104,a5230765-29eb-4d47-a58a-2b919d1b16d7,3500000,81/27/6 Đ. TÂN THỚI NHẤT,Chưa xác định,3500,80000,0,0,100000,100000,/ng,/ph,True,"81/27/6 Đ. Tân Thới Nhất, Phường Tân Thới Nhất, Quận 12, Thành phố Hồ Chí Minh","""Quận 12 - PHÙ HỢP Ở/VP\nVị trí: Tân Thới Nhất | Tân Thới Nhất | Gần Cầu Tham Lương \nTiện ích: Ga Metro số 2 | BigC | Khu căn hộ Prosper \nThực tế: Hạ tầng đang phát triển mạnh theo trục Metro, giá trị tăng nhanh""",,2026-05-20 09:31:02.172335+00,2026-05-20 09:31:02.172335+00,10.8612652,106.6642083
b18c73b0-1135-4ab3-aab1-dcb734028c7b,/kWh,/m3,0,/xe,KIOT,a601100c-17e2-406a-8fba-cd5d5123cf12,3500000,1685 LÊ VĂN LƯƠNG,false,4000,20000,0,0,0,50000,/ng,/ph,,"1685 Lê Văn Lương, Xã Nhơn Đức, Huyện Nhà Bè, Thành phố Hồ Chí Minh","""Nhà Bè - PHÙ HỢP GIA ĐÌNH\nVị trí: Lê Văn Lương | Nhơn Đức | Nguyễn Bình | Giáp Long An (gen_random_uuid(), 10p) | Cách Chợ Nhơn Đức (gen_random_uuid(), 3p) \nTiện ích: Trường lái xe | Chợ Nhơn Đức | Trạm y tế \nThực tế: N gian xanh mát, không khí trong lành""",,2026-05-20 09:31:02.172335+00,2026-05-20 09:31:02.172335+00,10.6510014,106.7258641
b2d56064-545f-4a61-8879-4ca594a7b5b7,/kWh,/ng,0,/xe,102,a785fec3-e967-4e41-9c8b-bbc5148bd2fb,3500000,272 BƯNG ÔNG THOÀN,false,4000,100000,0,0,0,200000,/ng,/ph,False,"272 Bưng Ông Thoàn, Phường Tăng Nhơn Phú B, Thành phố Thủ Đức, Thành phố Hồ Chí Minh","""Thành phố Thủ Đức - PHÙ HỢP Sinh viên | \nVị trí: Bưng Ông Thoàn | Lã Xuân Oai | Đỗ Xuân Hợp | Giáp Khu CNC (gen_random_uuid(), 3p) | Cách ĐH FPT (gen_random_uuid(), 5p) | \nTiện ích: ĐH FPT | Chợ Tăng Nhơn Phú B | Công viên | \nThực tế: Giá tốt, gần CNC""",,2026-05-20 09:31:02.172335+00,2026-05-20 09:31:02.172335+00,10.8449268,106.7864288
b2e74abd-b4e2-4931-8a4d-64378b327d6d,/kWh,/ng,0,/xe,MR109-302,aa6c7224-6ab9-4541-8cce-4524169897f6,6990000,38/3-5-7 NGUYỄN VĂN TRỖI,Chưa xác định,4000,120000,0,0,100000,200000,/ng,/ph,False,"38/3-5-7 Nguyễn Văn Trỗi, Phường 04, Quận Phú Nhuận, Thành phố Hồ Chí Minh","""Quận Phú Nhuận - PHÙ HỢP Dân văn phòng | \nVị trí: Nguyễn Văn Trỗi | Hoàng Văn Thụ | Huỳnh Văn Bánh | Giáp Quận 1 (gen_random_uuid(), 5p) | Cách Sân bay Tân Sơn Nhất (gen_random_uuid(), 10p) | \nTiện ích: ĐH Tài nguyên | Siêu thị Co.opmart | Công viên Hoàng Văn Thụ | \nThực tế: Giao thông thuận lợi""",,2026-05-20 09:31:02.172335+00,2026-05-20 09:31:02.172335+00,10.8010061,106.6797643
b4aff13d-47c4-4168-bfee-fe038ccd8b51,/kWh,/m3,0,/xe,206,aab4ec88-dcfd-4324-93e1-da9184884903,2300000,YUHOME 6,Chưa xác định,3800,28000,0,0,0,170000,/ng,/ph,False,"1806/105/58 Huỳnh Tấn Phát, Xã Phú Xuân, Huyện Nhà Bè, Thành phố Hồ Chí Minh","""Nhà Bè - PHÙ HỢP KINH DOANH\nVị trí: Huỳnh Tấn Phát | Phú Xuân | Giáp Q.7 (gen_random_uuid(), 2p) | Cách Cầu Phú Mỹ (gen_random_uuid(), 10p) \nTiện ích: Co.op Mart | UBND Phú Xuân | Ngân hàng \nThực tế: Trục chính sầm uất, kết nối thẳng vào trung tâm""",,2026-05-20 09:31:02.172335+00,2026-05-20 09:31:02.172335+00,10.6510014,106.7258641
b50f1a7e-b18a-4020-b0ea-d271b1d21b0d,/kWh,/ng,0,/xe,P.403,aabb08a6-07ef-45a1-bd04-3bb087632b94,4100000,NHÀ TRỌ XANH 3,Chưa xác định,4000,100000,0,0,120000,200000,/ng,/ph,True,"70/8 TRẦN THỊ LIỀN (gen_random_uuid(),  ĐƯỜNG B5), Xã Phước Kiển, Huyện Nhà Bè, Thành phố Hồ Chí Minh","""Nhà Bè - PHÙ HỢP CHUYÊN GIA\nVị trí: Trần Thị Liền | Lê Văn Lương | Giáp Q.7 (gen_random_uuid(), 3p) | Cách Phú Mỹ Hưng (gen_random_uuid(), 5p) \nTiện ích: ĐH RMIT | Vivo City | BV Pháp Việt \nThực tế: Khu biệt thự cao cấp, an ninh tuyệt đối""",,2026-05-20 09:31:02.172335+00,2026-05-20 09:31:02.172335+00,10.6510014,106.7258641
b5979db7-f9f1-4b94-a1d2-6d5957ccff47,/kWh,/ng,200000,/xe,212,ab952e33-f40b-4578-bd2d-aadf8b4f9e78,4200000,"213 TĂNG NHƠN PHÚ (gen_random_uuid(), SỐ 1 ĐS 8)",Chưa xác định,4000,120000,0,0,120000,0,/ng,/ph,True,"213 TĂNG NHƠN PHÚ (gen_random_uuid(), SỐ 1 ĐS 8), Phường Tăng Nhơn Phú B, Thành phố Thủ Đức, Thành phố Hồ Chí Minh","""Thành phố Thủ Đức - PHÙ HỢP Sinh viên | \nVị trí: Đường số 8 | Lê Văn Việt | Man Thiện | Giáp Khu CNC (gen_random_uuid(), 5p) | Cách Học viện Bưu chính (gen_random_uuid(), 3p) | \nTiện ích: Học viện Bưu chính | Chợ đêm Man Thiện | Công viên | \nThực tế: Gần trường, thuận tiện đi học""",,2026-05-20 09:31:02.172335+00,2026-05-20 09:31:02.172335+00,10.8449268,106.7864288
b5bbe801-cfce-44bc-a67f-714008693657,/kWh,/ng,0,/xe,P210,ac8d6736-ab7d-40e2-bf07-605eebfb0f26,4200000,21/32B TỰ LẬP,false,4000,100000,0,0,0,100000,/ng,/ng,True,"21/2B Đường Tự Lập, Phường 04, Quận Tân Bình, Thành phố Hồ Chí Minh","""Quận Tân Bình - PHÙ HỢP Dân văn phòng | \nVị trí: Tự Lập | Cộng Hòa | Hoàng Văn Thụ | Giáp Quận 3 (gen_random_uuid(), 5p) | Cách Sân bay Tân Sơn Nhất (gen_random_uuid(), 5p) | \nTiện ích: ĐH Tài nguyên | Siêu thị Co.opmart | Công viên Hoàng Văn Thụ | \nThực tế: Giao thông thuận tiện, gần sân bay""",,2026-05-20 09:31:02.172335+00,2026-05-20 09:31:02.172335+00,10.8124764,106.6675031
b6b2fe17-0c46-4987-bc5e-a52ddf6c8fff,/kWh,/ng,0,/xe,P409,ad71fed7-772f-4117-91ee-3f2e7ca053bc,4100000,16 LÊ THỊ CHỢ,Chưa xác định,4000,100000,0,0,120000,200000,/ng,/ph,True,"16 Lê Thị Chợ, Phường Phú Thuận, Quận 7, Thành phố Hồ Chí Minh","""Quận 7 - PHÙ HỢP [NVVP & GIA ĐÌNH] | \nVị trí: Lê Thị Chợ | Huỳnh Tấn Phát | Đào Trí | Giáp Quận 4 (gen_random_uuid(), 15p) | Cách Crescent Mall (gen_random_uuid(), 5p) | \nTiện ích: ĐH Duy Tân | Crescent Mall | BV Pháp Việt | \nThực tế: Hẻm an ninh, sạch sẽ, chuẩn sống Phú Mỹ Hưng.""",,2026-05-20 09:31:02.172335+00,2026-05-20 09:31:02.172335+00,10.73785,106.729695
b709113b-0d73-46c3-8cb7-d7487f230fc3,/kWh,/ng,0,/xe,302,ada76fbe-3376-4e3e-9448-6622a60965c2,3000000,30/1 NGUYỄN TRỌNG TRÍ,false,4000,100000,0,0,0,150000,/ng,/ph,False,"30/1 Nguyễn Trọng Trí, Phường An Lạc, Quận Bình Tân, Thành phố Hồ Chí Minh","""Quận Bình Tân - PHÙ HỢP Sinh viên | \nVị trí: Kinh Dương Vương | Hồ Học Lãm | Võ Văn Kiệt | Giáp Quận 8 (gen_random_uuid(), 5p) | Cách Bến xe Miền Tây (gen_random_uuid(), 2p) | \nTiện ích: ĐH Kinh tế Tài chính | Siêu thị BigC | Công viên Phú Lâm | \nThực tế: Kết nối đại lộ Võ Văn Kiệt nhanh""",,2026-05-20 09:31:02.172335+00,2026-05-20 09:31:02.172335+00,10.773806,106.6471276
b8f98193-c285-41d4-abdf-a861c7e967cb,/kWh,/m3,0,/xe,P236,b062273e-768b-471c-9366-1179f1440f16,1800000,PHÒNG TRỌ 176,Chưa xác định,4000,30000,50000,0,80000,80000,/ng,/ph,False,"176 Huỳnh Tấn Phát, Phường Tân Thuận Tây, Quận 7, Thành phố Hồ Chí Minh",,,2026-05-20 09:31:02.172335+00,2026-05-20 09:31:02.172335+00,10.73785,106.729695
b971fc42-495e-4673-a21e-a9e83cfd7b7c,/kWh,/ng,0,/xe,409,b1951f0f-7cfe-4a24-84a6-b1b8b2d49425,3800000,31 ĐƯỜNG SỐ 8,Chưa xác định,3800,100000,0,20000,100000,100000,/ng,/ph,,"31 Đường số 8, Phường Tăng Nhơn Phú A, Thành phố Thủ Đức, Thành phố Hồ Chí Minh","""Thành phố Thủ Đức - PHÙ HỢP Sinh viên | \nVị trí: Đường số 8 | Lê Văn Việt | Man Thiện | Giáp Khu CNC (gen_random_uuid(), 5p) | Cách Học viện Bưu chính (gen_random_uuid(), 3p) | \nTiện ích: Học viện Bưu chính | Chợ đêm Man Thiện | Công viên | \nThực tế: Gần trường, thuận tiện đi học""",,2026-05-20 09:31:02.172335+00,2026-05-20 09:31:02.172335+00,10.8674108,106.8045197
b9ff8b73-2347-4eed-9fa6-60fe235ae27d,/kWh,/ng,60000,/xe,243,b210adea-38b3-429e-b5f9-e0cc4322766a,2700000,298/6A KHUÔNG VIỆT,Chưa xác định,3800,50000,0,0,100000,0,/ng,/ph,True,"298/6A KHUÔNG VIỆT, Phường Phú Trung, Quận Tân Phú, Thành phố Hồ Chí Minh","""Tân Phú - PHÙ HỢP GIA ĐÌNH\nVị trí: Khuông Việt | Hòa Bình | Giáp Q.11 (gen_random_uuid(), 1p) | Cách Đầm Sen (gen_random_uuid(), 2p) \nTiện ích: Đầm Sen | Co.op Mart | Chợ Phú Trung \nThực tế: N gian mát mẻ, gần sát trung tâm""",,2026-05-20 09:31:02.172335+00,2026-05-20 09:31:02.172335+00,10.7918681,106.6277515
ba67466f-7ed3-4f20-b977-b029838a275c,/kWh,/m3,150000,/xe,106B,b23a3dc3-4827-4f9a-ab90-ba60472701f2,4000000,504/58 KINH DƯƠNG VƯƠNG,false,3500,20000,0,0,120000,0,/ng,/ng,True,"504/58 KINH DƯƠNG VƯƠNG, Phường An Lạc, Quận Bình Tân, Thành phố Hồ Chí Minh","""Quận Bình Tân - PHÙ HỢP Dân văn phòng | \nVị trí: Kinh Dương Vương | Hồ Học Lãm | Võ Văn Kiệt | Giáp Quận 8 (gen_random_uuid(), 5p) | Cách Bến xe Miền Tây (gen_random_uuid(), 5p) | \nTiện ích: ĐH Công nghệ TP.HCM | Siêu thị BigC | Công viên Phú Lâm | \nThực tế: Kết nối đại lộ nhanh chóng""",,2026-05-20 09:31:02.172335+00,2026-05-20 09:31:02.172335+00,10.773806,106.6471276
ba77772b-ddc6-4137-a646-caf6e062f311,/kWh,/ng,0,/xe,202,b23c36e4-d985-4e7c-a5a8-bc3c7576c9eb,3000000,30/1 NGUYỄN TRỌNG TRÍ,false,4000,100000,0,0,0,150000,/ng,/ph,False,"30/1 Nguyễn Trọng Trí, Phường An Lạc, Quận Bình Tân, Thành phố Hồ Chí Minh","""Quận Bình Tân - PHÙ HỢP Sinh viên | \nVị trí: Kinh Dương Vương | Hồ Học Lãm | Võ Văn Kiệt | Giáp Quận 8 (gen_random_uuid(), 5p) | Cách Bến xe Miền Tây (gen_random_uuid(), 2p) | \nTiện ích: ĐH Kinh tế Tài chính | Siêu thị BigC | Công viên Phú Lâm | \nThực tế: Kết nối đại lộ Võ Văn Kiệt nhanh""",,2026-05-20 09:31:02.172335+00,2026-05-20 09:31:02.172335+00,10.773806,106.6471276
bb9a092e-43e2-4157-b277-a00b0cbc0ea3,/kWh,/m3,0,/xe,31,b3455360-4439-43f7-ab98-e731d0fe6eee,3000000,8/5/18 VƯỜN LÀI,false,3500,25,0,0,0,100000,/ng,/ph,False,"8/5/18 Vườn Lài, Phường An Phú Đông, Quận 12, Thành phố Hồ Chí Minh","""Quận 12 - PHÙ HỢP CHO THUÊ\nVị trí: Vườn Lài | An Phú Đông | Giáp Gò Vấp (gen_random_uuid(), 5p) \nTiện ích: ĐH Nguyễn Tất Thành | Chợ An Phú Đông | VinCom \nThực tế: Khu vực đang phát triển mạnh, nhu cầu phòng trọ sinh viên cực lớn""",,2026-05-20 09:31:02.172335+00,2026-05-20 09:31:02.172335+00,10.8612652,106.6642083
be05f22a-fbcb-4efc-bfc8-bb0c7f99fa7d,/kWh,/ng,0,/xe,P.009,b46d11f8-e919-4ca2-a400-43054ae6d5e9,4300000,311 VÕ VĂN HÁT,false,3500,80000,0,0,0,150000,/ng,/ph,False,"311 Võ Văn Hát, Phường Long Trường, Thành phố Thủ Đức, Thành phố Hồ Chí Minh","""Thành phố Thủ Đức - PHÙ HỢP Sinh viên | \nVị trí: Võ Văn Hát | Lã Xuân Oai | Nguyễn Duy Trinh | Giáp Khu CNC (gen_random_uuid(), 7p) | Cách ĐH Tài chính - Marketing (gen_random_uuid(), 3p) | \nTiện ích: ĐH Tài chính - Marketing | Chợ Long Trường | Công viên Long Trường | \nThực tế: Thuận tiện đi học và làm việc""",,2026-05-20 09:31:02.172335+00,2026-05-20 09:31:02.172335+00,10.816473,106.8096346
c0a3d79b-726c-49a5-9502-ebc1d6fe9839,/kWh,/ng,0,/xe,103,b632380f-4aff-4e5d-b32f-b4231e8efb84,5800000,355/7 LÊ VĂN LƯƠNG,false,4000,100000,0,0,100000,200000,/ng,/ph,False,"355/7 Lê Văn Lương, Phường Tân Hưng, Quận 7, Thành phố Hồ Chí Minh","""Quận 7 - PHÙ HỢP [SINH VIÊN & NGƯỜI ĐI LÀM Q4, Q1] | \nVị trí: Lê Văn Lương | Nguyễn Thị Thập | Trần Xuân Soạn | Giáp Quận 4 (gen_random_uuid(), 3p) | Cách Lotte Mart (gen_random_uuid(), 2p) | \nTiện ích: ĐH Tôn Đức Thắng - Rmit | Lotte Mart | BV FV | \nThực tế: Thiên đường ẩm thực sinh viên, đi Q4 rất gần.""",,2026-05-20 09:31:02.172335+00,2026-05-20 09:31:02.172335+00,10.7282649,106.7126125
c1104e1a-450d-4cda-adc4-c88ad14e0fe6,/kWh,/ng,0,/xe,P.006,b9280b6c-5b51-41f4-8142-fa5c242de8c2,4500000,311 VÕ VĂN HÁT,false,3500,80000,0,0,0,150000,/ng,/ph,False,"311 Võ Văn Hát, Phường Long Trường, Thành phố Thủ Đức, Thành phố Hồ Chí Minh","""Thành phố Thủ Đức - PHÙ HỢP Sinh viên | \nVị trí: Võ Văn Hát | Lã Xuân Oai | Nguyễn Duy Trinh | Giáp Khu CNC (gen_random_uuid(), 7p) | Cách ĐH Tài chính - Marketing (gen_random_uuid(), 3p) | \nTiện ích: ĐH Tài chính - Marketing | Chợ Long Trường | Công viên Long Trường | \nThực tế: Thuận tiện đi học và làm việc""",,2026-05-20 09:31:02.172335+00,2026-05-20 09:31:02.172335+00,10.816473,106.8096346
c27362fa-a306-45ef-bc1e-59159f246047,/kWh,/ng,0,/xe,106,b9bbe9fe-04ee-4f9d-9290-bef768a5f9bb,5800000,355/7 LÊ VĂN LƯƠNG,false,4000,100000,0,0,100000,200000,/ng,/ph,False,"355/7 Lê Văn Lương, Phường Tân Hưng, Quận 7, Thành phố Hồ Chí Minh","""Quận 7 - PHÙ HỢP [SINH VIÊN & NGƯỜI ĐI LÀM Q4, Q1] | \nVị trí: Lê Văn Lương | Nguyễn Thị Thập | Trần Xuân Soạn | Giáp Quận 4 (gen_random_uuid(), 3p) | Cách Lotte Mart (gen_random_uuid(), 2p) | \nTiện ích: ĐH Tôn Đức Thắng - Rmit | Lotte Mart | BV FV | \nThực tế: Thiên đường ẩm thực sinh viên, đi Q4 rất gần.""",,2026-05-20 09:31:02.172335+00,2026-05-20 09:31:02.172335+00,10.7282649,106.7126125
c4b10ad6-1e09-495b-ad01-3f58eb64e61a,/kWh,/ng,0,/xe,507,ba495e63-fe23-424d-926f-13e5b05f336b,4500000,48/4 ĐÔNG HƯNG THUẬN 40,false,3800,100000,0,0,0,180000,/ng,/ph,False,"48/4 Đông Hưng Thuận 40, Phường Đông Hưng Thuận, Quận 12, Thành phố Hồ Chí Minh","""Quận 12 - PHÙ HỢP Ở/VP\nVị trí: Đông Hưng Thuận 40 | Gần Nguyễn Văn Quá (gen_random_uuid(), 2p) \nTiện ích: Trường học | Chợ đêm | Bách Hóa Xanh \nThực tế: Hẻm thông xe hơi, khu dân cư ổn định, hạ tầng hoàn thiện""",,2026-05-20 09:31:02.172335+00,2026-05-20 09:31:02.172335+00,10.8612652,106.6642083
c5456a0c-ad2c-425f-80e0-b53d16471110,/kWh,/ng,0,/xe,206,baaeafdb-893c-42c1-8d1b-fbcff171aa56,4000000,21/18 GÒ CÁT,Chưa xác định,4000,100000,0,0,0,200000,/ng,/ph,False,"21/18 Gò Cát, Phường Phú Hữu, Thành phố Thủ Đức, Thành phố Hồ Chí Minh","""Thành phố Thủ Đức - PHÙ HỢP Người đi làm | \nVị trí: Gò Cát | Nguyễn Duy Trinh | Võ Chí Công | Giáp Quận 7 (gen_random_uuid(), 15p) | Cách Khu CNC (gen_random_uuid(), 10p) | \nTiện ích: Tiểu học Phú Hữu | Chợ Phú Hữu | Công viên Phú Hữu | \nThực tế: Gần khu công nghệ cao""",,2026-05-20 09:31:02.172335+00,2026-05-20 09:31:02.172335+00,10.7912089,106.7978543
c667e3b1-2b8c-4982-8fda-3f0f1065438b,/kWh,/ng,0,/xe,L6,c230f38b-3019-4cf7-afff-a9731fca4e81,5500000,355/7 LÊ VĂN LƯƠNG,false,4000,100000,0,0,100000,200000,/ng,/ph,False,"355/7 Lê Văn Lương, Phường Tân Hưng, Quận 7, Thành phố Hồ Chí Minh","""Quận 7 - PHÙ HỢP [SINH VIÊN & NGƯỜI ĐI LÀM Q4, Q1] | \nVị trí: Lê Văn Lương | Nguyễn Thị Thập | Trần Xuân Soạn | Giáp Quận 4 (gen_random_uuid(), 3p) | Cách Lotte Mart (gen_random_uuid(), 2p) | \nTiện ích: ĐH Tôn Đức Thắng - Rmit | Lotte Mart | BV FV | \nThực tế: Thiên đường ẩm thực sinh viên, đi Q4 rất gần.""",,2026-05-20 09:31:02.172335+00,2026-05-20 09:31:02.172335+00,10.7282649,106.7126125
c6cd35ad-763d-44bd-b0de-72dfd761477a,/kWh,/m3,0,/xe,405,c27a395d-260a-4146-b533-06c7375597e5,3500000,42A MÃ LÒ,Chưa xác định,3900,29000,0,0,100000,150000,/ng,/ph,False,"42A MÃ LÒ, Phường Bình Trị Đông A, Quận Bình Tân, Thành phố Hồ Chí Minh","""Quận Bình Tân - PHÙ HỢP Người đi làm | \nVị trí: Mã Lò | Hương Lộ 2 | Tỉnh Lộ 10 | Giáp Quận 6 (gen_random_uuid(), 10p) | Cách AEON Mall (gen_random_uuid(), 5p) | \nTiện ích: Trường THCS Bình Trị Đông | Chợ Lê Đình Cẩn | Công viên | \nThực tế: Gần trung tâm thương mại""",,2026-05-20 09:31:02.172335+00,2026-05-20 09:31:02.172335+00,10.7703543,106.5995759
c92f3e79-b24d-4f06-80e2-3a707930e6e4,/kWh,/ng,0,/xe,204,c3a6ac26-22bc-4c7c-98d8-cbf2892b7816,3000000,30/1 NGUYỄN TRỌNG TRÍ,false,4000,100000,0,0,0,150000,/ng,/ph,False,"30/1 Nguyễn Trọng Trí, Phường An Lạc, Quận Bình Tân, Thành phố Hồ Chí Minh","""Quận Bình Tân - PHÙ HỢP Sinh viên | \nVị trí: Kinh Dương Vương | Hồ Học Lãm | Võ Văn Kiệt | Giáp Quận 8 (gen_random_uuid(), 5p) | Cách Bến xe Miền Tây (gen_random_uuid(), 2p) | \nTiện ích: ĐH Kinh tế Tài chính | Siêu thị BigC | Công viên Phú Lâm | \nThực tế: Kết nối đại lộ Võ Văn Kiệt nhanh""",,2026-05-20 09:31:02.172335+00,2026-05-20 09:31:02.172335+00,10.773806,106.6471276
c94324e5-a65e-453c-a6d0-56b6390f1b37,/kWh,/ng,200000,/xe,202,c3ac19f8-703d-4e36-99bd-17a34672dea2,4600000,9 ĐỒNG NAI,Chưa xác định,3700,200000,0,0,0,0,/ng,/ng,True,"9 ĐỒNG NAI, Phường 02, Quận Tân Bình, Thành phố Hồ Chí Minh","""Quận Tân Bình - PHÙ HỢP Dân văn phòng | \nVị trí: Đồng Nai | Bạch Đằng | Trường Sơn | Giáp Phú Nhuận (gen_random_uuid(), 2p) | Cách Sân bay Tân Sơn Nhất (gen_random_uuid(), 3p) | \nTiện ích: ĐH Tài nguyên | Siêu thị Co.opmart | Công viên Gia Định | \nThực tế: Rất gần sân bay, giao thông thuận tiện""",,2026-05-20 09:31:02.172335+00,2026-05-20 09:31:02.172335+00,10.8125589,106.6674006
cad022fc-5797-4499-91dc-e6b6f7ab74b0,/kWh,/m3,150000,/xe,D1,c5439029-c002-4d5f-9dca-3c97bf5ceff2,3300000,425 BƯNG ÔNG THOÀN,false,3500,20000,0,0,0,0,/ng,/ph,False,"425 bưng ông thoàn, Phường Tăng Nhơn Phú B, Thành phố Thủ Đức, Thành phố Hồ Chí Minh","""Thành phố Thủ Đức - PHÙ HỢP Sinh viên | \nVị trí: Bưng Ông Thoàn | Lã Xuân Oai | Đỗ Xuân Hợp | Giáp Khu CNC (gen_random_uuid(), 3p) | Cách ĐH FPT (gen_random_uuid(), 5p) | \nTiện ích: ĐH FPT | Chợ Tăng Nhơn Phú B | Công viên | \nThực tế: Thuận tiện đi lại""",,2026-05-20 09:31:02.172335+00,2026-05-20 09:31:02.172335+00,10.8449268,106.7864288
cbbdbedc-c420-40ca-aa6e-527f617cec70,/kWh,/ng,0,/xe,205,c560fbc4-08ee-4183-9def-9571acd5fc1e,5800000,355/7 LÊ VĂN LƯƠNG,false,4000,100000,0,0,100000,200000,/ng,/ph,False,"355/7 Lê Văn Lương, Phường Tân Hưng, Quận 7, Thành phố Hồ Chí Minh","""Quận 7 - PHÙ HỢP [SINH VIÊN & NGƯỜI ĐI LÀM Q4, Q1] | \nVị trí: Lê Văn Lương | Nguyễn Thị Thập | Trần Xuân Soạn | Giáp Quận 4 (gen_random_uuid(), 3p) | Cách Lotte Mart (gen_random_uuid(), 2p) | \nTiện ích: ĐH Tôn Đức Thắng - Rmit | Lotte Mart | BV FV | \nThực tế: Thiên đường ẩm thực sinh viên, đi Q4 rất gần.""",,2026-05-20 09:31:02.172335+00,2026-05-20 09:31:02.172335+00,10.7282649,106.7126125
ce94045c-cc70-4c39-b9c9-489c57ed8bad,/kWh,/ng,150000,/xe,202,c6cacca7-407c-44f9-8f66-fe46599a6de4,4600000,436 NGÔ GIA TỰ,Chưa xác định,4000,100000,0,0,150000,0,/ng,/ph,True,"436 Ngô Gia Tự, Phường 04, Quận 10, Thành phố Hồ Chí Minh","""\nVị trí: Mặt tiền phố nội thất | \nThực tế: Chuyên doanh đồ gỗ, vỉa hè rộng, giao thương mạnh | \nTiện ích: Chợ Nhật Tảo, BV Nhi Đồng 1, trường tiểu học Trương Định.""",,2026-05-20 09:31:02.172335+00,2026-05-20 09:31:02.172335+00,10.8305173,106.6157456
ceb2b640-3971-4cd6-b2c7-995f58b3ce11,/kWh,/m3,0,/xe,105H,c9437cab-680c-42f8-9b70-0d155238b04f,2800000,KHU H-HẺM 28 LÒ LU,Chưa xác định,4000,25000,0,20000,100000,180000,/ng,/ph,False,"TÀI LỘC KHU H, Phường Trường Thạnh, Thành phố Thủ Đức, Thành phố Hồ Chí Minh","""Thành phố Thủ Đức - PHÙ HỢP Gia đình | \nVị trí: Vành Đai 3 | Lã Xuân Oai | Nguyễn Duy Trinh | Giáp Khu CNC (gen_random_uuid(), 7p) | Cách KĐT Đông Tăng Long (gen_random_uuid(), 2p) | \nTiện ích: Trường Quốc tế | Siêu thị | Công viên Đông Tăng Long | \nThực tế: N gian sống xanh""",,2026-05-20 09:31:02.172335+00,2026-05-20 09:31:02.172335+00,10.8231718,106.6280221
d08623e1-0af8-41b3-b432-efe42a44e198,/kWh,/ng,0,/xe,102,ca1ce733-9766-4ada-98bf-3257d207e559,5300000,48/4 ĐÔNG HƯNG THUẬN 40,false,3800,100000,0,0,0,180000,/ng,/ph,False,"48/4 Đông Hưng Thuận 40, Phường Đông Hưng Thuận, Quận 12, Thành phố Hồ Chí Minh","""Quận 12 - PHÙ HỢP Ở/VP\nVị trí: Đông Hưng Thuận 40 | Gần Nguyễn Văn Quá (gen_random_uuid(), 2p) \nTiện ích: Trường học | Chợ đêm | Bách Hóa Xanh \nThực tế: Hẻm thông xe hơi, khu dân cư ổn định, hạ tầng hoàn thiện""",,2026-05-20 09:31:02.172335+00,2026-05-20 09:31:02.172335+00,10.8612652,106.6642083
d0ffaaf2-5fa8-41ae-8af9-3a02d7b93f08,/kWh,/m3,150000,/xe,A106,cd592b48-c1b7-4ccc-bc59-d3669f6b4b51,4200000,32/40 VÕ VĂN HÁT,Chưa xác định,3800,22000,0,30000,100000,0,/ng,/ph,True,"32/40 Võ Văn Hát, Phường Long Trường, Thành phố Thủ Đức, Thành phố Hồ Chí Minh","""Thành phố Thủ Đức - PHÙ HỢP Sinh viên | \nVị trí: Võ Văn Hát | Lã Xuân Oai | Nguyễn Duy Trinh | Giáp Khu CNC (gen_random_uuid(), 7p) | Cách ĐH Tài chính - Marketing (gen_random_uuid(), 3p) | \nTiện ích: ĐH Tài chính - Marketing | Chợ Long Trường | Công viên Long Trường | \nThực tế: Thuận tiện đi học, làm việc""",,2026-05-20 09:31:02.172335+00,2026-05-20 09:31:02.172335+00,10.8160442,106.8091373
d308b177-99c1-4509-9455-acd4cf28fc99,/kWh,/ng,0,/xe,G1,ce882fe5-9461-45f4-b869-5a987ce088a9,3800000,241 AN DƯƠNG VƯƠNG,false,3800,100000,0,0,120000,150000,/ng,/ph,True,"241 An Dương Vương, Phường An Lạc, Quận Bình Tân, Thành phố Hồ Chí Minh","""Quận Bình Tân - PHÙ HỢP Dân văn phòng | \nVị trí: An Dương Vương | Võ Văn Kiệt | Kinh Dương Vương | Giáp Quận 8 (gen_random_uuid(), 3p) | Cách Bến xe Miền Tây (gen_random_uuid(), 5p) | \nTiện ích: ĐH Công nghệ TP.HCM | Chợ An Dương Vương | Công viên | \nThực tế: Thuận tiện di chuyển""",,2026-05-20 09:31:02.172335+00,2026-05-20 09:31:02.172335+00,10.773806,106.6471276
d547cdaf-5b38-4d89-a10d-058d76ae4168,/kWh,/ng,0,/xe,303,d0557cc5-8943-45f8-99a3-0bbded497801,4000000,48/4 ĐÔNG HƯNG THUẬN 40,false,3800,100000,0,0,0,180000,/ng,/ph,False,"48/4 Đông Hưng Thuận 40, Phường Đông Hưng Thuận, Quận 12, Thành phố Hồ Chí Minh","""Quận 12 - PHÙ HỢP Ở/VP\nVị trí: Đông Hưng Thuận 40 | Gần Nguyễn Văn Quá (gen_random_uuid(), 2p) \nTiện ích: Trường học | Chợ đêm | Bách Hóa Xanh \nThực tế: Hẻm thông xe hơi, khu dân cư ổn định, hạ tầng hoàn thiện""",,2026-05-20 09:31:02.172335+00,2026-05-20 09:31:02.172335+00,10.8612652,106.6642083
d5fd772f-fb50-43de-ad9f-08bd982a714f,/kWh,/m3,170000,/xe,110B1,d067ddb2-126d-4200-ad1a-0d63b5e52556,2300000,KHU B/B1/C/C1 ĐƯỜNG SỐ 2,Chưa xác định,4000,25000,0,20000,120000,0,/ng,/ph,True,"Khu B/B1/C/C1 đường số 2, KP Phước Hiệp, Phường Trường Thạnh, Thành phố Thủ Đức, Thành phố Hồ Chí Minh","""Thành phố Thủ Đức - PHÙ HỢP Gia đình | \nVị trí: Đường số 2 | Nguyễn Duy Trinh | Lã Xuân Oai | Giáp Khu CNC (gen_random_uuid(), 10p) | Cách KĐT Đông Tăng Long (gen_random_uuid(), 3p) | \nTiện ích: Trường Quốc tế | Chợ Trường Thạnh | Công viên Đông Tăng Long | \nThực tế: N gian sống xanh""",,2026-05-20 09:31:02.172335+00,2026-05-20 09:31:02.172335+00,10.7662508,106.7042994
d87414d5-bfab-44f4-ac8f-69aa4e14bb49,/kWh,/ng,0,/xe,MR109-306,d0ab4b3c-186f-4d20-8568-3759bb6d3cce,4490000,38/3-5-7 NGUYỄN VĂN TRỖI,Chưa xác định,4000,120000,0,0,100000,200000,/ng,/ph,False,"38/3-5-7 Nguyễn Văn Trỗi, Phường 04, Quận Phú Nhuận, Thành phố Hồ Chí Minh","""Quận Phú Nhuận - PHÙ HỢP Dân văn phòng | \nVị trí: Nguyễn Văn Trỗi | Hoàng Văn Thụ | Huỳnh Văn Bánh | Giáp Quận 1 (gen_random_uuid(), 5p) | Cách Sân bay Tân Sơn Nhất (gen_random_uuid(), 10p) | \nTiện ích: ĐH Tài nguyên | Siêu thị Co.opmart | Công viên Hoàng Văn Thụ | \nThực tế: Giao thông thuận lợi""",,2026-05-20 09:31:02.172335+00,2026-05-20 09:31:02.172335+00,10.8010061,106.6797643
dae972e0-bc91-4b18-a246-3ade4c25a1fd,/kWh,/ng,0,/xe,9,d0e944c1-85c2-4086-ba7b-80f0256d21a2,3600000,105 ĐẠI LỘ 2,false,3500,100000,0,0,0,130000,/ng,/ph,True,"105 Đại Lộ 2, Phường Phước Bình, Thành phố Thủ Đức, Thành phố Hồ Chí Minh","""Thành phố Thủ Đức - PHÙ HỢP Sinh viên | \nVị trí: Đại lộ 2 | Đỗ Xuân Hợp | Xa lộ Hà Nội | Giáp Quận 9 (gen_random_uuid(), 3p) | Cách KCN Sóng Thần (gen_random_uuid(), 15p) | \nTiện ích: ĐH Văn Hóa | Chợ Phước Bình | Công viên Phước Bình | \nThực tế: Tiện ích phong phú""",,2026-05-20 09:31:02.172335+00,2026-05-20 09:31:02.172335+00,10.8566482,106.8410976
db7dcd12-ecc8-42de-be95-b232b5eaeeef,/kWh,/m3,0,/xe,103H,d1011645-1d6f-41ab-b044-fa910c772a83,2800000,KHU H-HẺM 28 LÒ LU,Chưa xác định,3800,22000,0,20000,100000,150000,/ng,/ph,False,"TÀI LỘC KHU H, Phường Trường Thạnh, Thành phố Thủ Đức, Thành phố Hồ Chí Minh","""Thành phố Thủ Đức - PHÙ HỢP Gia đình | \nVị trí: Vành Đai 3 | Lã Xuân Oai | Nguyễn Duy Trinh | Giáp Khu CNC (gen_random_uuid(), 7p) | Cách KĐT Đông Tăng Long (gen_random_uuid(), 2p) | \nTiện ích: Trường Quốc tế | Siêu thị | Công viên Đông Tăng Long | \nThực tế: N gian sống xanh""",,2026-05-20 09:31:02.172335+00,2026-05-20 09:31:02.172335+00,10.8231718,106.6280221
dd88632f-54c3-4ab8-9708-ce1fad2dc9e8,/kWh,/m3,0,/xe,209,d2f4f778-9b2e-4dd9-8717-19a40ea09533,3700000,42A MÃ LÒ,Chưa xác định,3900,29000,0,0,100000,150000,/ng,/ph,False,"42A MÃ LÒ, Phường Bình Trị Đông A, Quận Bình Tân, Thành phố Hồ Chí Minh","""Quận Bình Tân - PHÙ HỢP Người đi làm | \nVị trí: Mã Lò | Hương Lộ 2 | Tỉnh Lộ 10 | Giáp Quận 6 (gen_random_uuid(), 10p) | Cách AEON Mall (gen_random_uuid(), 5p) | \nTiện ích: Trường THCS Bình Trị Đông | Chợ Lê Đình Cẩn | Công viên | \nThực tế: Gần trung tâm thương mại""",,2026-05-20 09:31:02.172335+00,2026-05-20 09:31:02.172335+00,10.7703543,106.5995759
e23740da-c60a-4e46-9cbb-d463de58e2d3,/kWh,/ng,0,/xe,204,d3335e59-6502-4538-88da-1a498b482e03,7200000,563 NGUYỄN DUY TRINH,false,3800,100000,0,0,100000,150000,/ng,/ph,False,"563 Nguyễn Duy Trinh, Phường Bình Trưng Tây, Thành phố Thủ Đức, Thành phố Hồ Chí Minh","""Thành phố Thủ Đức - PHÙ HỢP Dân văn phòng | \nVị trí: Nguyễn Duy Trinh | Đồng Văn Cống | Mai Chí Thọ | Giáp Quận 1 (gen_random_uuid(), 15p) | Cách Đảo Kim Cương (gen_random_uuid(), 5p) | \nTiện ích: THPT Giồng Ông Tố | Co.op Food | Công viên ven sông | \nThực tế: Tiện ích đầy đủ, di chuyển thuận tiện""",,2026-05-20 09:31:02.172335+00,2026-05-20 09:31:02.172335+00,10.783647,106.7658051
e256e880-76a1-4e39-89b8-62bd9b719ad7,/kWh,/ng,0,/xe,402,d3c2e4ef-aeb0-40dd-b58d-bcc4ebc9d944,3000000,30/1 NGUYỄN TRỌNG TRÍ,false,4000,100000,0,0,0,150000,/ng,/ph,False,"30/1 Nguyễn Trọng Trí, Phường An Lạc, Quận Bình Tân, Thành phố Hồ Chí Minh","""Quận Bình Tân - PHÙ HỢP Sinh viên | \nVị trí: Kinh Dương Vương | Hồ Học Lãm | Võ Văn Kiệt | Giáp Quận 8 (gen_random_uuid(), 5p) | Cách Bến xe Miền Tây (gen_random_uuid(), 2p) | \nTiện ích: ĐH Kinh tế Tài chính | Siêu thị BigC | Công viên Phú Lâm | \nThực tế: Kết nối đại lộ Võ Văn Kiệt nhanh""",,2026-05-20 09:31:02.172335+00,2026-05-20 09:31:02.172335+00,10.773806,106.6471276
e47ef9a3-5686-40f2-bd08-26f830ee1c4d,/kWh,/ng,0,/xe,P.062,d64b20ae-4952-45bf-baf7-8324e6d08b69,3000000,220/18 ÂU CƠ,false,3500,100000,0,0,120000,0,/ng,/ph,True,"220/18 Âu Cơ, Phường 09, Quận Tân Bình, Thành phố Hồ Chí Minh","""Quận Tân Bình - PHÙ HỢP Dân văn phòng | \nVị trí: Âu Cơ | Lạc Long Quân | Lý Thường Kiệt | Giáp Quận 11 (gen_random_uuid(), 5p) | Cách Đầm Sen (gen_random_uuid(), 7p) | \nTiện ích: ĐH Bách Khoa | Chợ Tân Bình | Bệnh viện Tân Phú | \nThực tế: Thuận tiện đi lại và mua sắm""",,2026-05-20 09:31:02.172335+00,2026-05-20 09:31:02.172335+00,10.8060049,106.6638135
e4e6af15-c84e-46ba-bfcb-df0a66f52aca,/kWh,/ng,0,/xe,NAM2,d87167d0-3c6b-4072-aa51-565ecdb567a4,1700000,159/16 NGÔ QUYỀN,Chưa xác định,0,0,0,0,300000,0,/ng,/ph,True,"159/16 Ngô Quyền, Phường 06, Quận 10, Thành phố Hồ Chí Minh","""\nVị trí: Gần Nguyễn Chí Thanh | \nThực tế: Khu vực tập trung người Hoa, buôn bán tấp nập | \nTiện ích: Chợ Nguyễn Tri Phương, BV Chợ Rẫy, SVĐ Thống Nhất.""",,2026-05-20 09:31:02.172335+00,2026-05-20 09:31:02.172335+00,10.7545571,106.6336213
e6c03397-f408-41cf-bf83-29f0e0642f20,/kWh,/ng,0,/xe,204,db899bca-7da3-47f2-95d0-47cc59ae54a6,4700000,144/4 ÂU CƠ,false,3800,100000,0,0,120000,150000,/ng,/ph,False,"144/4 Âu Cơ, Phường 09, Quận Tân Bình, Thành phố Hồ Chí Minh","""Quận Tân Bình - PHÙ HỢP Dân văn phòng | \nVị trí: Âu Cơ | Lạc Long Quân | Lý Thường Kiệt | Giáp Quận 11 (gen_random_uuid(), 5p) | Cách Đầm Sen (gen_random_uuid(), 7p) | \nTiện ích: ĐH Bách Khoa | Chợ Tân Bình | Bệnh viện Tân Phú | \nThực tế: Thuận tiện đi lại và mua sắm""",,2026-05-20 09:31:02.172335+00,2026-05-20 09:31:02.172335+00,10.8060049,106.6638135
e79aa4ba-5c53-47d4-b131-11a3f49cb815,/kWh,/m3,0,/xe,P.011,db90ea7c-67c5-40f7-9d24-1407dcd2f90e,3500000,1685 LÊ VĂN LƯƠNG,false,4000,20000,0,0,0,50000,/ng,/ph,,"1685 Lê Văn Lương, Xã Nhơn Đức, Huyện Nhà Bè, Thành phố Hồ Chí Minh","""Nhà Bè - PHÙ HỢP GIA ĐÌNH\nVị trí: Lê Văn Lương | Nhơn Đức | Nguyễn Bình | Giáp Long An (gen_random_uuid(), 10p) | Cách Chợ Nhơn Đức (gen_random_uuid(), 3p) \nTiện ích: Trường lái xe | Chợ Nhơn Đức | Trạm y tế \nThực tế: N gian xanh mát, không khí trong lành""",,2026-05-20 09:31:02.172335+00,2026-05-20 09:31:02.172335+00,10.6510014,106.7258641
e8960a05-9bb9-4b74-b9a8-07c846720ac5,/kWh,/ng,0,/xe,501,dba298d2-0096-4030-87a5-6f6ff31f79ed,4600000,48/4 ĐÔNG HƯNG THUẬN 40,false,3800,100000,0,0,0,180000,/ng,/ph,False,"48/4 Đông Hưng Thuận 40, Phường Đông Hưng Thuận, Quận 12, Thành phố Hồ Chí Minh","""Quận 12 - PHÙ HỢP Ở/VP\nVị trí: Đông Hưng Thuận 40 | Gần Nguyễn Văn Quá (gen_random_uuid(), 2p) \nTiện ích: Trường học | Chợ đêm | Bách Hóa Xanh \nThực tế: Hẻm thông xe hơi, khu dân cư ổn định, hạ tầng hoàn thiện""",,2026-05-20 09:31:02.172335+00,2026-05-20 09:31:02.172335+00,10.8612652,106.6642083
e9d84005-72ff-475d-ba77-6b1d07c45e1b,/kWh,/ng,0,/xe,303,dee9e184-3b51-49fe-8d05-6eb7ca5a79a8,3700000,241 AN DƯƠNG VƯƠNG,false,3800,100000,0,0,120000,150000,/ng,/ph,True,"241 An Dương Vương, Phường An Lạc, Quận Bình Tân, Thành phố Hồ Chí Minh","""Quận Bình Tân - PHÙ HỢP Dân văn phòng | \nVị trí: An Dương Vương | Võ Văn Kiệt | Kinh Dương Vương | Giáp Quận 8 (gen_random_uuid(), 3p) | Cách Bến xe Miền Tây (gen_random_uuid(), 5p) | \nTiện ích: ĐH Công nghệ TP.HCM | Chợ An Dương Vương | Công viên | \nThực tế: Thuận tiện di chuyển""",,2026-05-20 09:31:02.172335+00,2026-05-20 09:31:02.172335+00,10.773806,106.6471276
eca04cfd-a491-45f3-9f4e-45006a5f462f,/kWh,/ng,60000,/xe,103,df4258b7-1565-496c-ab5c-c98564aebb4f,3000000,298/6A KHUÔNG VIỆT,Chưa xác định,3800,50000,0,0,100000,0,/ng,/ph,True,"298/6A KHUÔNG VIỆT, Phường Phú Trung, Quận Tân Phú, Thành phố Hồ Chí Minh","""Tân Phú - PHÙ HỢP GIA ĐÌNH\nVị trí: Khuông Việt | Hòa Bình | Giáp Q.11 (gen_random_uuid(), 1p) | Cách Đầm Sen (gen_random_uuid(), 2p) \nTiện ích: Đầm Sen | Co.op Mart | Chợ Phú Trung \nThực tế: N gian mát mẻ, gần sát trung tâm""",,2026-05-20 09:31:02.172335+00,2026-05-20 09:31:02.172335+00,10.7918681,106.6277515
eeb0c46f-a02f-49b2-901b-c4df5de7abbe,/kWh,/ng,150000,/xe,105,e453f27a-72b5-4467-98ac-659c7a7abde3,4200000,127 ĐƯỜNG SỐ 82,false,3800,100000,0,0,0,0,/ng,/ph,True,"127 đường số 82, Phường Thạnh Mỹ Lợi, Thành phố Thủ Đức, Thành phố Hồ Chí Minh","""Thành phố Thủ Đức - PHÙ HỢP Chuyên gia | \nVị trí: Đường số 82 | Đồng Văn Cống | Mai Chí Thọ | Giáp Quận 2 (gen_random_uuid(), 5p) | Cách UBND Thủ Đức (gen_random_uuid(), 2p) | \nTiện ích: THPT Lương Thế Vinh | Chợ Thạnh Mỹ Lợi | Công viên Thạnh Mỹ Lợi | \nThực tế: Khu dân cư mới, hiện đại""",,2026-05-20 09:31:02.172335+00,2026-05-20 09:31:02.172335+00,10.769795,106.7606185
eeb0f4de-e646-4670-9165-70d08192eb7b,/kWh,/ng,0,/xe,213,e506f70c-5f7e-4bf5-8699-123ed7d5e697,4000000,31 ĐƯỜNG SỐ 8,Chưa xác định,3800,100000,0,20000,100000,100000,/ng,/ph,,"31 Đường số 8, Phường Tăng Nhơn Phú A, Thành phố Thủ Đức, Thành phố Hồ Chí Minh","""Thành phố Thủ Đức - PHÙ HỢP Sinh viên | \nVị trí: Đường số 8 | Lê Văn Việt | Man Thiện | Giáp Khu CNC (gen_random_uuid(), 5p) | Cách Học viện Bưu chính (gen_random_uuid(), 3p) | \nTiện ích: Học viện Bưu chính | Chợ đêm Man Thiện | Công viên | \nThực tế: Gần trường, thuận tiện đi học""",,2026-05-20 09:31:02.172335+00,2026-05-20 09:31:02.172335+00,10.8674108,106.8045197
ef63ed47-88da-483c-9c89-cb9f7c7d6a3a,/kWh,/ng,0,/xe,P210,e8f8a71b-2a80-4079-88ce-64d35e9c2a39,4200000,21/32B TỰ LẬP,false,4000,100000,0,0,0,100000,/ng,/ng,True,"21/2B Đường Tự Lập, Phường 04, Quận Tân Bình, Thành phố Hồ Chí Minh","""Quận Tân Bình - PHÙ HỢP Dân văn phòng | \nVị trí: Tự Lập | Cộng Hòa | Hoàng Văn Thụ | Giáp Quận 3 (gen_random_uuid(), 5p) | Cách Sân bay Tân Sơn Nhất (gen_random_uuid(), 5p) | \nTiện ích: ĐH Tài nguyên | Siêu thị Co.opmart | Công viên Hoàng Văn Thụ | \nThực tế: Giao thông thuận tiện, gần sân bay""",,2026-05-20 09:31:02.172335+00,2026-05-20 09:31:02.172335+00,10.8124764,106.6675031
f02c8d1c-f950-4b7c-99db-c4b36db57421,/kWh,/m3,0,/xe,408H,eb9e529e-e9f4-440b-9797-7682bee696dd,3000000,KHU H-HẺM 28 LÒ LU,Chưa xác định,3800,22000,0,20000,100000,150000,/ng,/ph,False,"TÀI LỘC KHU H, Phường Trường Thạnh, Thành phố Thủ Đức, Thành phố Hồ Chí Minh","""Thành phố Thủ Đức - PHÙ HỢP Gia đình | \nVị trí: Vành Đai 3 | Lã Xuân Oai | Nguyễn Duy Trinh | Giáp Khu CNC (gen_random_uuid(), 7p) | Cách KĐT Đông Tăng Long (gen_random_uuid(), 2p) | \nTiện ích: Trường Quốc tế | Siêu thị | Công viên Đông Tăng Long | \nThực tế: N gian sống xanh""",,2026-05-20 09:31:02.172335+00,2026-05-20 09:31:02.172335+00,10.8231718,106.6280221
f2de01ba-e067-4ebd-84aa-520f47d5c13b,/kWh,/ng,0,/xe,207,ed625599-ac4d-4dce-8c34-b19c0b27ef00,6000000,355/7 LÊ VĂN LƯƠNG,false,4000,100000,0,0,100000,200000,/ng,/ph,False,"355/7 Lê Văn Lương, Phường Tân Hưng, Quận 7, Thành phố Hồ Chí Minh","""Quận 7 - PHÙ HỢP [SINH VIÊN & NGƯỜI ĐI LÀM Q4, Q1] | \nVị trí: Lê Văn Lương | Nguyễn Thị Thập | Trần Xuân Soạn | Giáp Quận 4 (gen_random_uuid(), 3p) | Cách Lotte Mart (gen_random_uuid(), 2p) | \nTiện ích: ĐH Tôn Đức Thắng - Rmit | Lotte Mart | BV FV | \nThực tế: Thiên đường ẩm thực sinh viên, đi Q4 rất gần.""",,2026-05-20 09:31:02.172335+00,2026-05-20 09:31:02.172335+00,10.7282649,106.7126125
f31bd1d7-d7f6-44a5-acf9-aede0508739a,/kWh,/m3,0,/xe,214,ed64c09c-34e5-4758-80da-8e65ebb431c2,3400000,163A ĐƯỜNG SỐ 339,Chưa xác định,4000,25000,0,20000,100000,210000,/ng,/ph,True,"163A đường số 339, Phường Phước Long B, Thành phố Thủ Đức, Thành phố Hồ Chí Minh","""Thành phố Thủ Đức - PHÙ HỢP Sinh viên | \nVị trí: Đường số 339 | Đỗ Xuân Hợp | Xa lộ Hà Nội | Giáp Quận 2 (gen_random_uuid(), 5p) | Cách Khu CNC (gen_random_uuid(), 10p) | \nTiện ích: ĐH GTVT CS2 | Chợ Phước Long B | Công viên | \nThực tế: Giao thông thuận tiện""",,2026-05-20 09:31:02.172335+00,2026-05-20 09:31:02.172335+00,10.824553,106.7690916
f3461f90-dd87-4715-866a-439b9724bb86,/kWh,/ng,0,/xe,107,edd6fe8b-e90d-4492-b1dc-e16a3b1a58f6,6000000,355/7 LÊ VĂN LƯƠNG,false,4000,100000,0,0,100000,200000,/ng,/ph,False,"355/7 Lê Văn Lương, Phường Tân Hưng, Quận 7, Thành phố Hồ Chí Minh","""Quận 7 - PHÙ HỢP [SINH VIÊN & NGƯỜI ĐI LÀM Q4, Q1] | \nVị trí: Lê Văn Lương | Nguyễn Thị Thập | Trần Xuân Soạn | Giáp Quận 4 (gen_random_uuid(), 3p) | Cách Lotte Mart (gen_random_uuid(), 2p) | \nTiện ích: ĐH Tôn Đức Thắng - Rmit | Lotte Mart | BV FV | \nThực tế: Thiên đường ẩm thực sinh viên, đi Q4 rất gần.""",,2026-05-20 09:31:02.172335+00,2026-05-20 09:31:02.172335+00,10.7282649,106.7126125
f3790c19-b1d6-47ce-b721-51ac44676547,/kWh,/ng,0,/xe,307,edee1e3d-c774-448a-a5e9-12b297e7369c,4500000,48/4 ĐÔNG HƯNG THUẬN 40,false,3800,100000,0,0,0,180000,/ng,/ph,False,"48/4 Đông Hưng Thuận 40, Phường Đông Hưng Thuận, Quận 12, Thành phố Hồ Chí Minh","""Quận 12 - PHÙ HỢP Ở/VP\nVị trí: Đông Hưng Thuận 40 | Gần Nguyễn Văn Quá (gen_random_uuid(), 2p) \nTiện ích: Trường học | Chợ đêm | Bách Hóa Xanh \nThực tế: Hẻm thông xe hơi, khu dân cư ổn định, hạ tầng hoàn thiện""",,2026-05-20 09:31:02.172335+00,2026-05-20 09:31:02.172335+00,10.8612652,106.6642083
f4c14d3f-2493-4082-9c76-059ed7a69424,/kWh,/ng,0,/xe,101,ee76d85d-556d-4e05-8bae-b80694c1e721,5800000,48/4 ĐÔNG HƯNG THUẬN 40,false,3800,100000,0,0,0,180000,/ng,/ph,False,"48/4 Đông Hưng Thuận 40, Phường Đông Hưng Thuận, Quận 12, Thành phố Hồ Chí Minh","""Quận 12 - PHÙ HỢP Ở/VP\nVị trí: Đông Hưng Thuận 40 | Gần Nguyễn Văn Quá (gen_random_uuid(), 2p) \nTiện ích: Trường học | Chợ đêm | Bách Hóa Xanh \nThực tế: Hẻm thông xe hơi, khu dân cư ổn định, hạ tầng hoàn thiện""",,2026-05-20 09:31:02.172335+00,2026-05-20 09:31:02.172335+00,10.8612652,106.6642083
f57094e0-4439-4f53-8cd3-ea4a99cff8b6,/kWh,/ng,200000,/xe,204,eeb6521b-3486-4368-9541-da4c3f098881,5200000,36/4/3 HUỲNH VĂN NGHỆ,false,4000,100000,0,0,0,0,/ng,/ph,True,"36/4/3 HUỲNH VĂN NGHỆ, Phường 15, Quận Tân Bình, Thành phố Hồ Chí Minh","""Quận Tân Bình - PHÙ HỢP Người đi làm | \nVị trí: Huỳnh Văn Nghệ | Phạm Văn Bạch | Trường Chinh | Giáp Gò Vấp (gen_random_uuid(), 3p) | Cách Sân bay Tân Sơn Nhất (gen_random_uuid(), 10p) | \nTiện ích: ĐH Công nghiệp | Chợ Phạm Văn Bạch | Công viên Gia Định | \nThực tế: Thuận tiện di chuyển và mua sắm""",,2026-05-20 09:31:02.172335+00,2026-05-20 09:31:02.172335+00,10.7989297,106.7209052
f676f92f-746a-43f3-ad30-43e3bf48dd2f,/kWh,/m3,0,/xe,46,ef4f321e-53ee-4301-9192-0e715dd92571,2700000,8/5/18 VƯỜN LÀI,false,3500,25,0,0,0,100000,/ng,/ph,False,"8/5/18 Vườn Lài, Phường An Phú Đông, Quận 12, Thành phố Hồ Chí Minh","""Quận 12 - PHÙ HỢP CHO THUÊ\nVị trí: Vườn Lài | An Phú Đông | Giáp Gò Vấp (gen_random_uuid(), 5p) \nTiện ích: ĐH Nguyễn Tất Thành | Chợ An Phú Đông | VinCom \nThực tế: Khu vực đang phát triển mạnh, nhu cầu phòng trọ sinh viên cực lớn""",,2026-05-20 09:31:02.172335+00,2026-05-20 09:31:02.172335+00,10.8612652,106.6642083
f6b4fd16-3a9e-4ea1-9cfa-6292293c10c5,/kWh,/ng,0,/xe,302,ef6669f5-5d47-4202-b17e-0a1a6608b8a8,4600000,48/4 ĐÔNG HƯNG THUẬN 40,false,3800,100000,0,0,0,180000,/ng,/ph,False,"48/4 Đông Hưng Thuận 40, Phường Đông Hưng Thuận, Quận 12, Thành phố Hồ Chí Minh","""Quận 12 - PHÙ HỢP Ở/VP\nVị trí: Đông Hưng Thuận 40 | Gần Nguyễn Văn Quá (gen_random_uuid(), 2p) \nTiện ích: Trường học | Chợ đêm | Bách Hóa Xanh \nThực tế: Hẻm thông xe hơi, khu dân cư ổn định, hạ tầng hoàn thiện""",,2026-05-20 09:31:02.172335+00,2026-05-20 09:31:02.172335+00,10.8612652,106.6642083
f90cff58-faca-4917-99cd-f28f0be7d2ab,/kWh,/m3,200000,/xe,A202,f163fadb-b239-4a66-a996-1fa8b2d9ee5c,3100000,32/21 VÕ VĂN HÁT,Chưa xác định,4000,25000,0,30000,120000,0,/ng,/ph,True,"32/21 Võ Văn Hát, Phường Trường Thạnh, Thành phố Thủ Đức, Thành phố Hồ Chí Minh","""Thành phố Thủ Đức - PHÙ HỢP Sinh viên | \nVị trí: Võ Văn Hát | Lã Xuân Oai | Nguyễn Duy Trinh | Giáp Khu CNC (gen_random_uuid(), 7p) | Cách ĐH Tài chính - Marketing (gen_random_uuid(), 3p) | \nTiện ích: ĐH Tài chính - Marketing | Chợ Trường Thạnh | Công viên Long Trường | \nThực tế: Thuận tiện đi lại""",,2026-05-20 09:31:02.172335+00,2026-05-20 09:31:02.172335+00,10.8226968,106.807292
f960b0a6-c23c-4c76-90b0-2e1f24307af1,/kWh,/m3,50000,/xe,205,f47724e3-2bcb-430f-97c2-dce65517b868,3600000,325 LÃ XUÂN OAI,false,3500,17000,0,0,100000,0,/ng,/ph,,"325 Lã Xuân Oai, Phường Trường Thạnh, Thành phố Thủ Đức, Thành phố Hồ Chí Minh","""Thành phố Thủ Đức - PHÙ HỢP Sinh viên | \nVị trí: Lã Xuân Oai | Nguyễn Duy Trinh | Lò Lu | Giáp Khu CNC (gen_random_uuid(), 7p) | Cách ĐH Tài chính - Marketing (gen_random_uuid(), 2p) | \nTiện ích: ĐH Tài chính - Marketing | Chợ Trường Thạnh | Công viên | \nThực tế: Thuận tiện đi làm""",,2026-05-20 09:31:02.172335+00,2026-05-20 09:31:02.172335+00,10.8259459,106.8071562
f96cfe2f-4962-4e8b-8372-5bbea4ae4789,/kWh,/ng,0,/xe,P.128,f5ac0fd0-ca36-462a-9ec3-a3793291dfe3,3000000,220/18 ÂU CƠ,false,3500,100000,0,0,120000,0,/ng,/ng,True,"220/18 Âu Cơ, Phường 09, Quận Tân Bình, Thành phố Hồ Chí Minh","""Quận Tân Bình - PHÙ HỢP Dân văn phòng | \nVị trí: Âu Cơ | Lạc Long Quân | Lý Thường Kiệt | Giáp Quận 11 (gen_random_uuid(), 5p) | Cách Đầm Sen (gen_random_uuid(), 7p) | \nTiện ích: ĐH Bách Khoa | Chợ Tân Bình | Bệnh viện Tân Phú | \nThực tế: Thuận tiện đi lại và mua sắm""",,2026-05-20 09:31:02.172335+00,2026-05-20 09:31:02.172335+00,10.8060049,106.6638135
f9e66821-3af1-4637-9ce4-35a4c636990d,/kWh,/m3,0,/xe,216,f63b04e4-91ab-4a5c-8386-f57ce88ef667,4400000,33 ĐƯỜNG SỐ 44,Chưa xác định,3800,20000,0,120000,0,100000,/ng,/ph,True,"33 Đường số 44, Cát Lái, Quận 2, Phường Cát Lái, Thành phố Thủ Đức, Thành phố Hồ Chí Minh","""Thành phố Thủ Đức - PHÙ HỢP Chuyên gia | \nVị trí: Đường 44 | Nguyễn Thị Định | Mai Chí Thọ | Giáp Quận 1 (gen_random_uuid(), 15p) | Cách Cảng Cát Lái (gen_random_uuid(), 5p) | \nTiện ích: Trường Tiểu học Cát Lái | Siêu thị | Công viên Cát Lái | \nThực tế: N gian yên tĩnh""",,2026-05-20 09:31:02.172335+00,2026-05-20 09:31:02.172335+00,10.7700419,106.7899535
f9f5b2ad-c84c-40d5-8dc6-35e861f434b6,/kWh,/m3,0,/xe,102,f747174d-c75f-4d76-9284-eb976ba985df,3700000,568/58 LÊ VĂN VIỆT,Chưa xác định,4000,25000,0,0,100000,180000,/ng,/ph,,"568/58 LÊ VĂN VIỆT, Phường Long Thạnh Mỹ, Thành phố Thủ Đức, Thành phố Hồ Chí Minh","""Thành phố Thủ Đức - PHÙ HỢP Sinh viên | \nVị trí: Lê Văn Việt | Nguyễn Văn Tăng | Nguyễn Xiển | Giáp Khu CNC (gen_random_uuid(), 5p) | Cách ĐH FPT (gen_random_uuid(), 3p) | \nTiện ích: ĐH FPT | Chợ Long Thạnh Mỹ | Công viên Vinhomes | \nThực tế: Gần trường và khu công nghệ cao""",,2026-05-20 09:31:02.172335+00,2026-05-20 09:31:02.172335+00,10.8465556,106.8165179
fbe2c60d-1f2b-4eb1-a2ff-a270f2c84255,/kWh,/ng,0,/xe,G1,f9cb7274-562a-400c-b40c-68101982bfb5,3600000,206/8 ĐỒNG ĐEN,Chưa xác định,4000,100000,0,0,0,150000,/ng,/ph,True,"206/8 Đồng Đen, Phường 14, Quận Tân Bình, Thành phố Hồ Chí Minh","""Quận Tân Bình - PHÙ HỢP Dân văn phòng | \nVị trí: Đồng Đen | Trường Chinh | Âu Cơ | Giáp Quận 11 (gen_random_uuid(), 5p) | Cách Sân bay Tân Sơn Nhất (gen_random_uuid(), 10p) | \nTiện ích: ĐH Bách Khoa | Chợ Tân Bình | Bệnh viện Tân Phú | \nThực tế: Giao thông thuận tiện, sầm uất""",,2026-05-20 09:31:02.172335+00,2026-05-20 09:31:02.172335+00,10.7907995,106.6984717
fc837d0f-f95f-4bb0-a1eb-3a2002e91f1f,/kWh,/ng,0,/xe,NAM1,fcb7e4bd-aa2c-4c43-a515-040767e9812f,1700000,159/16 NGÔ QUYỀN,Chưa xác định,0,0,0,0,300000,0,/ng,/ph,True,"159/16 Ngô Quyền, Phường 06, Quận 10, Thành phố Hồ Chí Minh","""\nVị trí: Gần Nguyễn Chí Thanh | \nThực tế: Khu vực tập trung người Hoa, buôn bán tấp nập | \nTiện ích: Chợ Nguyễn Tri Phương, BV Chợ Rẫy, SVĐ Thống Nhất.""",,2026-05-20 09:31:02.172335+00,2026-05-20 09:31:02.172335+00,10.7545571,106.6336213
fcdb64cb-6f34-4ec1-8dd0-4230fe028cbf,/kWh,/ng,0,/xe,103,fd0efc6b-2a1b-4c1f-9083-76ff1fb5f519,4300000,39 THẠNH MỸ LỢI,false,4000,100000,0,0,100000,200000,/ng,/ph,False,"39 Thạnh Mỹ Lợi, Phường Thạnh Mỹ Lợi, Thành phố Thủ Đức, Thành phố Hồ Chí Minh","""Thành phố Thủ Đức - PHÙ HỢP Chuyên gia | \nVị trí: Thạnh Mỹ Lợi | Đồng Văn Cống | Mai Chí Thọ | Giáp Quận 2 (gen_random_uuid(), 5p) | Cách UBND Thủ Đức (gen_random_uuid(), 2p) | \nTiện ích: THPT Lương Thế Vinh | Chợ Thạnh Mỹ Lợi | Công viên Thạnh Mỹ Lợi | \nThực tế: Khu dân cư mới, hiện đại""",,2026-05-20 09:31:02.172335+00,2026-05-20 09:31:02.172335+00,10.7748085,106.7553526
fd184aa5-5e54-42b3-9511-746deddd5891,/kWh,/ng,0,/xe,4,fd1eb492-8d44-4270-9f37-09be88d45179,3600000,105 ĐẠI LỘ 2,false,3500,100000,0,0,0,130000,/ng,/ph,True,"105 Đại Lộ 2, Phường Phước Bình, Thành phố Thủ Đức, Thành phố Hồ Chí Minh","""Thành phố Thủ Đức - PHÙ HỢP Sinh viên | \nVị trí: Đại lộ 2 | Đỗ Xuân Hợp | Xa lộ Hà Nội | Giáp Quận 9 (gen_random_uuid(), 3p) | Cách KCN Sóng Thần (gen_random_uuid(), 15p) | \nTiện ích: ĐH Văn Hóa | Chợ Phước Bình | Công viên Phước Bình | \nThực tế: Tiện ích phong phú""",,2026-05-20 09:31:02.172335+00,2026-05-20 09:31:02.172335+00,10.8418884,106.8168615
fdba5afe-c29f-4111-84d2-eeff2131275a,/kWh,/ng,0,/xe,302,fd9b2c0d-51da-4b06-b8d2-8ad0d3ecabb5,5800000,355/7 LÊ VĂN LƯƠNG,false,4000,100000,0,0,100000,200000,/ng,/ph,False,"355/7 Lê Văn Lương, Phường Tân Hưng, Quận 7, Thành phố Hồ Chí Minh","""Quận 7 - PHÙ HỢP [SINH VIÊN & NGƯỜI ĐI LÀM Q4, Q1] | \nVị trí: Lê Văn Lương | Nguyễn Thị Thập | Trần Xuân Soạn | Giáp Quận 4 (gen_random_uuid(), 3p) | Cách Lotte Mart (gen_random_uuid(), 2p) | \nTiện ích: ĐH Tôn Đức Thắng - Rmit | Lotte Mart | BV FV | \nThực tế: Thiên đường ẩm thực sinh viên, đi Q4 rất gần.""",,2026-05-20 09:31:02.172335+00,2026-05-20 09:31:02.172335+00,10.7282649,106.7126125
fdf622fd-6049-4c0d-8074-bc34b8c20af6,/kWh,/ng,0,/xe,P04,ff7b618c-a377-48f8-8bb4-355b709194b8,5200000,820 CMT8,Chưa xác định,3800,100000,0,0,100000,200000,/ng,/ph,False,"820 CMT8, Phường 05, Quận Tân Bình, Thành phố Hồ Chí Minh","""Quận Tân Bình - PHÙ HỢP Dân văn phòng | \nVị trí: Cách Mạng Tháng 8 | Trường Chinh | Hoàng Văn Thụ | Giáp Quận 10 (gen_random_uuid(), 2p) | Cách Sân bay Tân Sơn Nhất (gen_random_uuid(), 10p) | \nTiện ích: ĐH Tài nguyên | Siêu thị Co.opmart | Công viên Hoàng Văn Thụ | \nThực tế: Giao thông thuận tiện, ngay trung tâm""",,2026-05-20 09:31:02.172335+00,2026-05-20 09:31:02.172335+00,10.7910379,106.6581133
